trdar_cd,district_name,obs_count,avg_closure_rate,high_risk_pct,avg_store_count,avg_sales
3110574,서강대학교,1,2.0,1.0,2.0,15493636.0
3110119,마장지하차도,1,1.0,1.0,4.0,137916376.0
3130187,영진시장,1,0.5,1.0,3.0,167969760.0
3110046,버티고개,2,0.5,1.0,3.0,31517793.0
3130188,합정시장,2,0.5,0.5,2.0,25838246.0
3110629,송정역 4번,7,0.4929,0.4286,5.3,48654473.0
3110928,서초우방유쉘아파트,4,0.4583,0.75,2.5,2560021.0
3110111,대현산장미원,6,0.3056,0.5,2.8,74526274.0
3130085,용두시장,4,0.25,0.5,3.0,101886472.0
3110914,내방역 6번,9,0.2222,0.1111,3.1,16871842.0
3110445,덕산중학교,3,0.1667,0.3333,3.0,3219716.0
3110101,옥정중학교,6,0.1667,0.1667,2.0,10308302.0
3110669,화곡보람2차아파트,37,0.1622,0.2973,3.4,51298824.0
3110103,옥수터널,43,0.1589,0.1395,3.2,16609456.0
3110196,홍릉근린공원,12,0.1528,0.3333,2.5,310643241.0
3130199,신월3동 골목시장,85,0.1416,0.2,3.5,78445784.0
3130011,충신시장,5,0.14,0.6,9.0,61672210.0
3120118,마곡역(마곡),134,0.1346,0.6119,47.0,2392275538.0
3110841,중대부중,18,0.125,0.1667,4.5,45971238.0
3110879,신림현대아파트,134,0.1159,0.1791,3.6,230982570.0
3110935,한전아트센터,13,0.1154,0.2308,3.5,43051736.0
3130189,서교시장,48,0.1128,0.2708,3.4,483059400.0
3110913,방현초등학교(방배119안전센터),217,0.1055,0.1843,5.1,1805808623.0
3110379,KT&G 북부지사,80,0.104,0.1625,4.3,162206728.0
3110880,신림역 1번,63,0.1032,0.127,2.5,393488461.0
3110349,화계역 2번,56,0.1012,0.1964,2.8,60749378.0
3110931,삼성전자서울R&D(서울우면초등학교),28,0.1001,0.6429,11.3,543897093.0
3110361,삼양사거리역 1번,168,0.0994,0.2202,4.4,105228046.0
3130291,봉천제일종합시장,32,0.099,0.2188,2.6,47336090.0
3110889,봉천역 6번,65,0.0985,0.3538,5.1,92558949.0
3110796,한림대학교한강성심병원,35,0.0952,0.1143,2.8,527547387.0
3110454,선정중학교,264,0.0943,0.2159,5.3,173480392.0
3130192,동진시장,51,0.0922,0.1765,3.8,141852389.0
3110132,성수2가3동주민센터,114,0.0916,0.2632,6.4,124615245.0
3110818,신대방역 3번,53,0.0912,0.1321,3.0,122909469.0
3110363,송천동주민센터,71,0.0904,0.1127,2.3,50272541.0
3110070,용산세무서,15,0.0889,0.2,2.9,216310673.0
3110282,국민대학교앞,130,0.0887,0.2154,4.5,116230255.0
3110972,강남세브란스병원미래의학연구센터,91,0.0879,0.1209,1.7,91767141.0
3111090,강일동주민센터,505,0.0864,0.2277,5.4,309782524.0
3110359,수유시장옆,277,0.0864,0.1986,5.7,160252217.0
3110435,서울과학기술대,201,0.0857,0.2438,5.8,227132309.0
3110719,영서중학교,45,0.0852,0.1556,2.8,47142061.0
3110287,정릉3동주민센터,78,0.0848,0.0897,3.2,245387503.0
3110413,누원고등학교,85,0.0835,0.1412,3.6,172946527.0
3130077,조양시장,6,0.0833,0.1667,3.0,65850886.0
3110648,양천향교역 7번,311,0.0833,0.3601,10.0,1098684236.0
3120135,양평역,140,0.083,0.2357,6.4,361316961.0
3110795,도림초등학교,56,0.0824,0.1607,3.3,63555670.0
3110193,고려대역 4번,70,0.0819,0.2286,7.7,261029937.0
3110160,광진경찰서,54,0.0818,0.1296,2.8,76789550.0
3110906,서문여고,60,0.0803,0.2,4.0,94637599.0
3110965,언주역 6번,240,0.0801,0.2208,5.9,94190193.0
3110426,상계2동주민센터,385,0.08,0.3247,8.8,131138672.0
3110276,신내IC북측,17,0.0784,0.1765,3.1,150229649.0
3110285,홍대부중,184,0.0775,0.1576,4.4,156355032.0
3130108,태능엔터피아(태릉시장),49,0.0772,0.1429,3.6,69602080.0
3130232,독산동 맛나는거리상점가(독산동 맛나는거리),197,0.0771,0.264,8.2,570713236.0
3130151,신도봉시장,60,0.0767,0.1667,3.7,302618048.0
3110945,본마을노인복지센터(서초구립내곡도서관),24,0.0764,0.125,2.8,60691119.0
3110284,정릉북한산국립공원입구,22,0.0758,0.1818,3.3,134011228.0
3110354,삼각산119안전센터,110,0.0754,0.2091,4.7,244281914.0
3130107,중랑동부시장(중랑교종합상가),79,0.0745,0.1899,8.6,164975199.0
3110266,면목동우체국,398,0.0744,0.201,5.6,109559169.0
3110967,역삼역 8번,261,0.0744,0.1801,4.0,152986980.0
3110534,경기대학교,56,0.0732,0.1429,3.4,42331161.0
3110168,대원고등학교,200,0.0731,0.21,5.2,156087707.0
3110901,인헌고등학교(인헌중학교),272,0.0731,0.2096,4.9,250907443.0
3110716,구로나눔길,264,0.0728,0.2197,7.4,341715246.0
3110514,서대문우체국,113,0.0728,0.177,3.2,85312784.0
3111000,대왕초등학교(세곡동사거리서남측),115,0.0726,0.1826,5.1,292069681.0
3110183,한국의류시험연구원,97,0.0726,0.268,8.8,217979455.0
3110201,전농119안전센터,34,0.0725,0.2059,4.9,188690589.0
3110224,외대앞역 2번,128,0.0725,0.2188,6.6,296098890.0
3110580,양원초등학교,103,0.0723,0.1262,4.1,83427199.0
3110812,신길6동주민센터,250,0.0722,0.156,5.8,616278116.0
3110173,구남초등학교,165,0.0718,0.1697,4.2,166979521.0
3110573,신촌역 6번,72,0.0718,0.1389,2.8,61000994.0
3110148,어린이대공원역 3번,177,0.0717,0.2429,7.2,227663200.0
3111087,고덕중학교(고덕2동주민센터),247,0.0717,0.2024,4.2,187236399.0
3130285,서원동상점가,612,0.0716,0.3382,14.2,1113443123.0
3110424,상계초등학교,414,0.0716,0.2633,7.1,492039478.0
3111018,풍납초등학교(풍납백제문화공원),7,0.0714,0.1429,3.0,6868108.0
3110999,윗방죽마을공원,255,0.0714,0.1961,3.9,319825444.0
3110961,언주역 3번,229,0.0713,0.2445,6.1,421093055.0
3110706,그라운드 고척,515,0.071,0.2563,6.1,398710829.0
3111058,성내중학교,129,0.0709,0.155,3.5,74661406.0
3110639,신방화역 8번,181,0.0708,0.2155,5.3,141445649.0
3110709,구로119안전센터,194,0.0705,0.232,6.5,126994123.0
3110257,상봉역 7번,137,0.0703,0.219,6.4,47373804.0
3110688,오류지구대,102,0.0702,0.1961,5.5,221841631.0
3130163,응암오거리상점가,472,0.07,0.2691,9.6,607078137.0
3110868,남부초등학교,161,0.0698,0.2298,7.1,179369245.0
3110724,금천구립가산도서관,111,0.0691,0.2432,4.6,198337653.0
3110270,혜원여고,159,0.0691,0.1887,4.2,166211254.0
3110751,난곡중학교,208,0.069,0.2356,5.7,137228137.0
3110883,은천초등학교(은천교앞),574,0.069,0.2282,6.0,348590519.0
3110037,신설동역 12번,178,0.069,0.2191,6.6,86064805.0
3110250,화랑대역 7번,126,0.0689,0.1508,4.3,141304288.0
3110121,한양대역 4번,62,0.0686,0.2258,4.9,231509161.0
3110178,장로회신학대학교,152,0.0685,0.1645,5.4,72612258.0
3110378,송중동주민센터,307,0.0684,0.1629,4.4,146099837.0
3110045,동대문역사문화공원역 5번,237,0.0684,0.1772,6.9,437814617.0
3110092,NH농협은행 보광동지점,301,0.0681,0.1595,5.1,168158958.0
3110013,체부동홍종문가옥,23,0.0681,0.1304,4.6,26729530.0
3110023,서울대병원,77,0.068,0.2208,5.2,356607194.0
3110652,양천향교역 2번,141,0.0675,0.2057,6.3,279441775.0
3110592,서울금융고등학교,46,0.0674,0.2391,5.8,204452321.0
3110432,대진고등학교,267,0.0673,0.1685,5.1,183204281.0
3110686,수궁동주민센터,457,0.067,0.2013,4.8,178302960.0
3111043,마천공원,81,0.0669,0.0864,2.8,114436641.0
3110427,노원 을지대학교병원,15,0.0667,0.1333,3.0,20881386.0
3110900,낙성대역 1번(관악구민 종합체육센터),416,0.0667,0.2043,5.7,213653866.0
3111014,송파나루역 2번,231,0.0667,0.2554,7.9,769447324.0
3110452,새절역 3번,355,0.0666,0.1915,5.5,126272969.0
3130175,신촌 상인회(신촌상점가),149,0.0662,0.1208,3.0,348961900.0
3111001,아래방죽마을공원(율현초등학교),99,0.0662,0.1616,3.4,97166834.0
3130153,창동역상점가,413,0.0659,0.2712,8.4,686322970.0
3110815,공군호텔,526,0.0657,0.2072,6.4,498604667.0
3110674,강서구청가양동별관,183,0.0657,0.1093,3.3,250078817.0
3110458,선일여고,586,0.0655,0.2133,6.4,119200982.0
3110887,서울산업정보학교(서울삼성초등학교),46,0.0652,0.1522,3.0,10516720.0
3110655,발산역 5번,405,0.0652,0.1975,5.8,292017240.0
3110840,중앙대학교,355,0.0651,0.2789,8.7,566235809.0
3120115,김포공항역(김포공항),92,0.065,0.3587,53.7,399075485.0
3110520,경의중앙 신촌역,216,0.065,0.2083,4.7,283309020.0
3111063,강동구립 천호도서관,254,0.0647,0.2638,8.2,157106254.0
3110937,방아다리근린공원(횃불트리니티신학대학원대학교),85,0.0647,0.0824,2.3,420801471.0
3110442,화랑대철도공원,167,0.0647,0.0898,3.9,86195434.0
3110244,중화역 4번,411,0.0647,0.2165,6.5,594718770.0
3110401,도봉구민회관,112,0.0644,0.1339,3.7,319169295.0
3110242,면목5동주민센터,280,0.0644,0.1357,4.3,74161314.0
3110871,신원동주민센터,399,0.0642,0.218,6.3,254968464.0
3110374,송중초등학교,495,0.0642,0.2141,6.4,139406329.0
3110924,반포4동주민센터(몽마르뜨공원),118,0.0641,0.1525,3.4,234460363.0
3110663,우장산롯데캐슬아파트앞,182,0.0641,0.1978,5.7,317738891.0
3111010,석촌역 7번,579,0.064,0.3074,10.8,433462624.0
3110337,아카데미하우스,85,0.0639,0.4,10.4,664681306.0
3110691,개봉중학교,356,0.0638,0.1742,5.5,227676427.0
3110069,숙대입구,750,0.0636,0.2973,10.3,570672223.0
3110598,신월문화체육센터,587,0.0636,0.2147,6.1,202736825.0
3110307,길음역 7번,150,0.0635,0.2467,7.7,116968374.0
3110816,대방역 6번,96,0.0635,0.1458,4.4,216875074.0
3130031,청계천공구상가,157,0.0634,0.2229,11.3,1108481338.0
3120241,거여역,800,0.0632,0.2013,8.7,750338964.0
3110617,등촌역 4번,152,0.0631,0.125,5.0,39206062.0
3110090,한국폴리텍대학서울정수캠퍼스,268,0.0631,0.1269,4.4,120936409.0
3110021,성균관대학교,266,0.063,0.2519,8.3,213845591.0
3110357,가오리역 1번,265,0.0626,0.1698,5.0,133210265.0
3110235,세화어린이공원,8,0.0625,0.125,3.0,2140833.0
3110108,성동구립금호도서관,8,0.0625,0.125,2.6,282875965.0
3110313,안암역 3번,528,0.0623,0.3011,9.9,529125315.0
3110450,시립서북병원,645,0.0621,0.2636,8.2,217810371.0
3110172,광진초등학교,212,0.062,0.2028,6.1,186464740.0
3110537,충정로현대아파트,77,0.062,0.3247,11.2,484412723.0
3110863,난우초등학교,472,0.0619,0.1949,6.2,187149914.0
3111028,문현중학교(장지역 1번),433,0.0619,0.1755,5.4,384323033.0
3110603,지향초등학교,154,0.0617,0.2208,5.7,383709450.0
3110418,광운대학교 남단,198,0.0617,0.1061,3.8,82288952.0
3110428,상계5동주민센터,583,0.0617,0.2933,11.0,300904644.0
3110032,수족관거리,51,0.0616,0.2549,5.6,115365940.0
3110556,절두산순교성지,23,0.0616,0.1739,3.3,31980468.0
3130142,강북북부시장,23,0.0616,0.1739,3.6,49346675.0
3130218,신월중앙시장,27,0.0615,0.4815,11.1,869591454.0
3110839,숭실대입구역 4번,428,0.0615,0.2593,6.8,301878201.0
3110742,KT금천빌딩(금천구시설관리공단),312,0.0615,0.1538,4.6,158492252.0
3110576,대흥역 3번,430,0.0613,0.2488,8.8,516729378.0
3110214,경희대후문,177,0.0612,0.1525,5.9,162039232.0
3130256,신동시장,60,0.0611,0.1333,4.5,97575626.0
3110784,신대림초등학교,86,0.061,0.1279,3.3,39030336.0
3111088,고덕동성당,228,0.0609,0.1974,7.2,350463646.0
3110153,중곡1동주민센터,61,0.0609,0.1475,4.3,57574446.0
3111066,암사동성당(효정하나플러스아파트),334,0.0608,0.2695,7.9,131594988.0
3110884,봉천역 4번(봉천110안전센터),221,0.0608,0.2127,8.0,229451862.0
3130318,로데오거리상점가,705,0.0607,0.2922,13.2,1188925357.0
3110409,창동역 2번,511,0.0606,0.2485,8.4,202523296.0
3110462,갈현건영아파트,123,0.0606,0.1626,5.3,158068288.0
3120119,발산역(마곡),932,0.0605,0.5751,40.9,1652279807.0
3130069,"한양대앞상점가(한양시장, 왕십리맛골목)",377,0.0604,0.2679,10.7,871209142.0
3110799,영등포본동주민센터,29,0.0603,0.1724,3.3,77297400.0
3110300,삼선동주민센터,328,0.0603,0.2805,10.0,249700822.0
3120078,미아사거리역,691,0.0602,0.3227,18.3,1624183097.0
3110303,성신여대입구역 1번,284,0.0601,0.2254,6.5,179792476.0
3130262,상도도깨비 골목형상점가,144,0.06,0.125,3.6,157030396.0
3120089,구파발역,360,0.0599,0.3556,11.9,462642682.0
3110370,도봉세무서,264,0.0599,0.1629,5.9,288478979.0
3110464,연신내역 5번,347,0.0598,0.2305,7.9,280699346.0
3110869,"신림역 5번(신림동주민센터, 신림동별빛거리)",512,0.0598,0.3223,10.3,456261236.0
3110771,대림역 11번,51,0.0597,0.1961,4.5,17144825.0
3110125,사근동살곶이상점가,283,0.0597,0.1873,4.9,226335473.0
3110672,백석중학교,79,0.0597,0.2025,5.3,22188450.0
3110175,푸른동산공원,198,0.0595,0.2626,7.2,108689683.0
3110631,방화초등학교,164,0.0595,0.1402,4.2,164564988.0
3110203,떡전교사거리,141,0.0595,0.1915,6.5,130397215.0
3110645,우장산역 4번,732,0.0594,0.2268,9.0,443053447.0
3110786,당산역 8번,41,0.0594,0.1951,4.8,264154191.0
3110891,구암초등학교,205,0.0593,0.239,8.2,154041223.0
3110448,상신초등학교입구,93,0.0593,0.1505,4.5,347188888.0
3110267,망우역 2번,414,0.0592,0.2222,7.7,185424658.0
3110985,청담근린공원,62,0.0591,0.0806,3.0,88581380.0
3130135,수유중앙골목시장(수유중앙시장),279,0.0591,0.2151,6.9,184821461.0
3111023,문정역 1번,231,0.059,0.2424,6.1,372346512.0
3110690,오류2동버들시장,807,0.0589,0.2292,8.7,293015787.0
3111080,굽은다리역 3번,358,0.0589,0.2598,8.6,160046275.0
3110593,신월3동주민센터,523,0.0588,0.2141,7.4,255684466.0
3110881,구립대학경로당(관악산샘말공원),587,0.0587,0.3935,15.5,517579278.0
3111083,GS강동자이아파트,413,0.0587,0.1574,6.2,165738510.0
3130136,수유재래시장,47,0.0587,0.1915,4.7,421176278.0
3110748,백산초등학교,267,0.0587,0.1348,3.9,269342202.0
3110704,고척중학교,27,0.0586,0.1481,2.9,537868124.0
3110721,가리봉파출소,185,0.0585,0.1243,5.3,89884011.0
3111016,송파역 2번,203,0.0584,0.1724,4.3,67238979.0
3110230,장안현대홈타운1차아파트,280,0.0584,0.2143,6.2,388696376.0
3110528,서울여자간호대학교,261,0.0582,0.1877,5.5,297228606.0
3130126,새석관시장,30,0.0581,0.2,7.1,34006625.0
3120064,경희대학교(경희대),536,0.058,0.3657,13.8,965636514.0
3110989,대치동아우편취급국,216,0.0579,0.2222,6.5,212275443.0
3130143,방천골목시장,219,0.0578,0.1735,4.7,188432495.0
3110029,동대문역 1번,256,0.0578,0.1992,6.4,280994752.0
3110391,샘말어린이공원,163,0.0578,0.1902,5.4,161508321.0
3110656,까치산역 3번,534,0.0577,0.3165,14.1,695315293.0
3110895,샤로수길,652,0.0577,0.3696,16.2,634481649.0
3130266,만양로상점가,68,0.0577,0.2206,8.1,793403775.0
3110292,정릉역 2번,48,0.0576,0.1667,4.6,391277113.0
3110441,영신여고,378,0.0576,0.2222,6.6,311706909.0
3110986,삼성중앙역 7번,44,0.0576,0.1364,4.2,35561073.0
3110261,사가정역 4번,395,0.0576,0.1975,5.4,118840159.0
3120127,구로구청,561,0.0575,0.205,8.3,832029009.0
3110135,성동세무서,141,0.0575,0.156,5.2,236992154.0
3110991,삼성중앙역 5번,91,0.0574,0.1648,4.7,2687840822.0
3110170,동대부여고,454,0.0574,0.1916,6.5,106931456.0
3110553,가좌역 2번,283,0.0574,0.159,5.5,130418329.0
3110561,상수역 4번,220,0.0573,0.2727,8.9,367181332.0
3110475,백련산해모로아파트,294,0.0573,0.1973,5.1,116994383.0
3110466,구산역 2번,137,0.0572,0.292,9.7,173223464.0
3110150,중곡1동 마을마당,215,0.0571,0.2372,9.7,251575173.0
3110865,남강고등학교(남강중학교),772,0.0569,0.1788,6.7,420387351.0
3110823,신대방삼거리역 3번,174,0.0569,0.1437,4.1,112138158.0
3130326,고덕 골목형상점가,301,0.0569,0.1495,4.9,1005654463.0
3110503,명지대학교교회,583,0.0568,0.2642,8.3,241309830.0
3111017,송파나루역 3번,78,0.0568,0.1538,3.4,54983366.0
3130203,서서울 골목형상점가,326,0.0568,0.1933,5.4,311830877.0
3120105,상수역(홍대),590,0.0568,0.4729,20.9,596312893.0
3110106,금북초등학교,93,0.0568,0.129,3.6,187988265.0
3110667,가양역 10번,500,0.0568,0.174,5.3,442878819.0
3120122,강서구청,1046,0.0567,0.3298,14.5,701430704.0
3111086,한영중고,455,0.0567,0.233,9.3,241238266.0
3120153,노량진역(노량진),1008,0.0567,0.3621,42.6,25042450508.0
3110372,강북중학교,336,0.0567,0.1577,5.2,198668446.0
3110635,공항시장역 3번,176,0.0566,0.1534,6.5,184556430.0
3130271,남성역골목시장,569,0.0566,0.1547,5.4,599104698.0
3110438,경춘선숲길 우측,717,0.0564,0.2259,7.2,455641253.0
3110888,청룡동주민센터,257,0.0564,0.1479,4.7,206818638.0
3110882,신성초등학교,425,0.0563,0.2094,7.4,245198484.0
3110077,삼광초등학교,139,0.0563,0.1799,5.1,196816952.0
3120199,경복아파트교차로,365,0.0562,0.2466,9.6,859618825.0
3130119,정릉아리랑시장,101,0.0562,0.1683,5.4,104363125.0
3110760,선유도역 6번,244,0.0561,0.2254,6.9,541968639.0
3110163,성자초등학교,433,0.0561,0.2009,5.5,190171056.0
3110637,송정역 2번,99,0.0561,0.202,4.8,180885620.0
3110775,대동초등학교,205,0.056,0.2878,7.5,200266424.0
3130098,회기시장,316,0.056,0.25,6.6,167015059.0
3110684,서울공연예술고등학교,178,0.056,0.1573,4.0,100480617.0
3130306,강남언주로,215,0.0559,0.293,11.5,586584522.0
3110594,신월중학교,235,0.0559,0.1745,4.6,95315701.0
3110545,마포구청역 1번,333,0.0559,0.2162,5.6,378161028.0
3110651,화원중학교,484,0.0558,0.1942,6.0,344542699.0
3110421,석계역 1번,474,0.0557,0.1983,7.3,405984901.0
3110465,연신내역 7번,489,0.0557,0.2127,7.1,229444818.0
3110124,뚝섬역교차로,121,0.0557,0.2397,8.0,721520162.0
3110033,창신역 4번,128,0.0556,0.1328,5.4,132536117.0
3110501,연희어린이공원,45,0.0556,0.0667,2.5,252705337.0
3110952,논현목련공원,12,0.0556,0.4167,9.3,46398053.0
3120247,굽은다리역,704,0.0556,0.2443,9.3,637414171.0
3130243,도림시장,6,0.0556,0.1667,3.2,41366534.0
3110222,회기역 2번,27,0.0556,0.1852,4.3,33000000.0
3130231,독산동 우시장,105,0.0555,0.4857,59.9,44231247351.0
3110317,종암중학교,166,0.0554,0.1446,6.7,353459426.0
3120053,건대입구역(건대),979,0.0553,0.4842,35.6,2154867996.0
3111029,오금역 4번,131,0.0553,0.145,4.6,344763167.0
3110886,관악해태어린이공원,214,0.0552,0.215,7.5,257362384.0
3110402,도봉구 정병원,249,0.0551,0.1928,7.3,248463523.0
3110862,난곡초등학교(난곡동벽화마을),189,0.0551,0.1534,5.3,210768669.0
3120074,안암역,402,0.0551,0.1915,6.1,568909394.0
3110666,KC대학교,56,0.0551,0.1429,3.8,1639421468.0
3110849,이수역 10번,211,0.0551,0.1991,7.6,149388268.0
3110399,창2동주민센터,501,0.0549,0.1836,7.4,248621638.0
3110934,우면주공아파트,338,0.0549,0.1864,6.5,184173211.0
3110779,대림갑을명가아파트,34,0.0549,0.1765,3.5,58118062.0
3110408,가인초등학교,249,0.0549,0.1526,4.5,276003540.0
3110312,안암역 2번,266,0.0548,0.2707,9.0,657629591.0
3110180,광진정보도서관,385,0.0548,0.1844,7.9,572259658.0
3110218,답십리사거리,402,0.0548,0.209,7.1,412204515.0
3110662,까치산역 1번,605,0.0548,0.2331,8.5,172590610.0
3110756,문래중학교,101,0.0548,0.1782,5.7,183882495.0
3130191,홍대 걷고싶은 거리,691,0.0547,0.3835,16.3,1219987091.0
3130100,답십리시장,327,0.0545,0.1651,5.7,280714705.0
3130062,보광시장,81,0.0545,0.1358,3.4,555894842.0
3110750,시흥4동주민센터(서울신흥초등학교),378,0.0545,0.1825,6.0,275814100.0
3110105,금동어린이공원,243,0.0545,0.177,6.2,150804207.0
3130241,선유도역 골목형상점가,360,0.0545,0.2611,8.1,642984520.0
3120075,월곡역,693,0.0545,0.2626,8.2,533726657.0
3120019,경찰청앞교차로,201,0.0544,0.1493,4.4,416990128.0
3130103,이경시장,51,0.0543,0.0588,5.2,144792932.0
3110956,언주역 8번,62,0.0543,0.0968,4.2,104385420.0
3111084,길동신동아아파트,56,0.0542,0.0893,3.7,78588762.0
3110792,영등포역 2번,441,0.0542,0.2109,6.5,299441896.0
3110376,수송초등학교,645,0.0541,0.2434,8.5,262371618.0
3130179,"이화여대 3,5,7길 상점가",652,0.054,0.365,15.1,561545809.0
3120230,송파사거리(송파역),804,0.054,0.2736,9.9,619303587.0
3130106,중랑동부시장,649,0.054,0.2311,8.3,483609906.0
3110892,관악구 중앙길,763,0.054,0.2595,10.1,505532542.0
3110054,청구역 3번,293,0.0539,0.2287,10.7,617762077.0
3110200,동대문경찰서,38,0.0539,0.2105,4.1,139093140.0
3110165,국립정신건강센터,378,0.0539,0.1825,6.0,248917343.0
3110650,우장산힐스테이트,117,0.0539,0.2906,7.4,248548598.0
3130154,상계주공1단지(가)상가,155,0.0539,0.129,4.3,75678318.0
3130048,동평화시장,133,0.0538,0.3459,165.4,2486012824.0
3110220,외대앞역 1번,662,0.0536,0.2508,9.2,419858892.0
3110793,대림썬프라자,61,0.0536,0.1148,4.7,125723210.0
3110043,충무초등학교,240,0.0536,0.1583,5.8,226777918.0
3110246,월드순복음교회,205,0.0536,0.2049,7.0,282218196.0
3110346,4.19민주묘지역 2번,172,0.0536,0.2035,6.5,351474750.0
3110588,한겨레신문사,166,0.0535,0.1747,4.6,122265922.0
3110733,금천어울림복지센터,39,0.0534,0.1538,2.5,313140739.0
3110608,신월2동주민센터,338,0.0534,0.1775,6.8,137679531.0
3110876,서원동주민센터(신관중학교),155,0.0533,0.1484,4.5,150803723.0
3110499,연가초등학교,246,0.0532,0.1667,5.9,71309901.0
3110400,도봉구보건소,437,0.0531,0.2426,7.9,320564701.0
3110263,면목역 1번,229,0.0531,0.2096,5.8,209889418.0
3110213,청량초등학교,71,0.0531,0.169,4.6,57165206.0
3110601,신월1동우편취급국,429,0.0531,0.2448,8.3,270211755.0
3110853,KT구로지사,153,0.0531,0.1699,5.1,335781359.0
3110295,정릉우체국,406,0.0531,0.1256,4.4,279200360.0
3111025,경찰병원역 3번,168,0.053,0.1429,5.2,110931492.0
3110754,삼성산자연공원(서울금천초등학교),367,0.0529,0.1662,5.6,236686271.0
3110511,연희초등학교,238,0.0529,0.1555,4.0,206230771.0
3110212,답십리초등학교,431,0.0529,0.2111,7.2,213462227.0
3110368,송천초등학교,320,0.0529,0.1844,6.5,60177284.0
3110828,노량진역 6번,423,0.0529,0.2577,10.4,140592496.0
3110364,미아역 8번,339,0.0528,0.2006,6.7,205901604.0
3130060,신흥시장,103,0.0528,0.2427,7.9,181433241.0
3110736,독산119안전센터,337,0.0528,0.2374,8.6,324234275.0
3110605,목동센트럴아이파크앞,159,0.0528,0.1761,6.7,238693743.0
3110038,경향신문사,135,0.0526,0.1481,3.8,543003755.0
3110555,홍익지구대,59,0.0525,0.2034,6.9,449620633.0
3120228,석촌역(석촌호수),1036,0.0525,0.3108,14.7,876010537.0
3120005,삼청동,399,0.0524,0.3033,16.9,1124861158.0
3110657,양천향교역 5번,456,0.0524,0.2149,8.3,737059384.0
3110766,대림역 5번,331,0.0523,0.2538,8.0,222964362.0
3110727,독산역 1번 출입구,99,0.0523,0.1515,3.9,161040416.0
3110191,고려대역 6번,279,0.0523,0.2473,7.7,232095433.0
3120219,은마아파트,893,0.0522,0.2822,20.1,3192916682.0
3110836,상도역 5번,751,0.0522,0.2051,7.5,659703429.0
3110525,홍은종합사회복지관,214,0.052,0.1822,7.1,158271639.0
3110252,장안제일시장,337,0.052,0.1573,6.9,482514622.0
3120244,암사역,816,0.052,0.2328,9.4,881303041.0
3110885,영락고등학교,475,0.0519,0.1874,5.6,149785251.0
3110582,이대역 5번,374,0.0519,0.1604,5.6,190153000.0
3110861,관악구신사동주민센터,744,0.0518,0.2419,9.8,469195944.0
3110640,방화역 1번,295,0.0518,0.1627,5.2,362757232.0
3110560,마포FM,161,0.0518,0.1988,5.8,951181102.0
3130162,증산골목시장,66,0.0518,0.1364,3.6,28976790.0
3110809,장훈고등학교,144,0.0518,0.1667,4.3,403531345.0
3110144,어린이대공원역 4번,152,0.0517,0.1842,4.6,127160024.0
3130015,창신골목시장,346,0.0517,0.1936,7.6,368164207.0
3130294,관악중부시장,496,0.0517,0.1815,5.5,422536696.0
3110155,광진구청,183,0.0516,0.1858,5.9,207192745.0
3120054,어린이대공원역,967,0.0516,0.3061,11.3,547375656.0
3120246,길동역,1034,0.0516,0.3752,17.6,1261782873.0
3130129,장미원골목시장,305,0.0514,0.1803,5.7,261209722.0
3130216,화곡중앙시장,440,0.0513,0.1659,5.3,393467756.0
3110002,독립문역 1번,171,0.0513,0.152,4.5,661402882.0
3110367,강북구청,252,0.0513,0.2103,7.7,260400777.0
3110473,구산역 1번,579,0.0513,0.2366,7.5,248876284.0
3110416,노원초등학교,479,0.0513,0.1482,4.8,369782887.0
3130118,정릉골 골목형상점가,177,0.0513,0.1808,5.2,120439952.0
3110791,신풍역 3번,120,0.0512,0.1583,4.1,299563772.0
3130109,묵1동도깨비시장,180,0.0512,0.1944,6.2,300980530.0
3130235,대명여울빛거리시장(대명시장),568,0.0512,0.2377,10.0,948144110.0
3110668,화곡2동주민센터,655,0.051,0.2183,8.8,215560030.0
3110221,의릉,104,0.051,0.2019,6.2,172286519.0
3110026,종로5가역 4번,49,0.051,0.0408,3.2,43329564.0
3110966,논현2동주민센터,387,0.0509,0.2868,10.0,267874454.0
3110968,강남구청역 2번,83,0.0509,0.1807,4.2,273299184.0
3110832,노량진초등학교,153,0.0509,0.1699,6.7,189472691.0
3130157,상계중앙시장,473,0.0508,0.2156,7.4,464794703.0
3111072,굽은다리역 1번(십자성마을),440,0.0508,0.1909,6.2,446683891.0
3110223,군자초등학교,46,0.0507,0.1304,3.0,115647102.0
3110455,역촌노인복지관,568,0.0507,0.2113,6.9,189996731.0
3110562,연트럴파크(연남동주민센터),304,0.0507,0.3191,13.7,239950943.0
3130117,정릉시장,689,0.0507,0.1742,6.1,410372647.0
3120096,"이화여대(이대역, 이대)",795,0.0507,0.3031,12.3,720054159.0
3130139,강북종합전통시장(강북종합골목시장),549,0.0507,0.2914,11.5,454418938.0
3110649,우장산역 1번,393,0.0506,0.2061,7.1,470720170.0
3110971,선정릉역 4번,225,0.0506,0.2044,5.8,400317481.0
3110620,목동보건지소,809,0.0506,0.2126,8.1,224425238.0
3110615,신서초등학교,300,0.0505,0.19,6.9,367177278.0
3110269,용마문화복지센터,177,0.0505,0.1582,5.4,212030999.0
3110102,옥수역 6번,364,0.0504,0.1703,6.0,203692703.0
3120211,도성초등학교,627,0.0503,0.2727,11.9,1020102549.0
3110729,가산동우체국,374,0.0503,0.2326,7.7,285680170.0
3110554,망원역 1번,272,0.0503,0.2059,9.0,251979276.0
3110205,경희대삼거리,486,0.0503,0.2716,9.2,262978410.0
3110549,새터산,133,0.0503,0.2406,9.6,305511870.0
3110919,내방역 8번,82,0.0502,0.0854,3.8,80091085.0
3110703,개봉역,507,0.0501,0.1795,5.9,412332298.0
3120157,신림역(신림),1088,0.0501,0.455,24.0,1469327783.0
3110551,성서초등학교,398,0.0501,0.2085,6.3,174276222.0
3111008,석촌고분역 3번,425,0.0501,0.1788,5.9,456856604.0
3110597,신월1동주민센터,352,0.05,0.2244,8.3,351136662.0
3120099,월드컵경기장역(월드컵경기장),144,0.05,0.1875,5.5,805324026.0
3110420,광운대역 1번,354,0.05,0.2203,6.6,213745447.0
3120248,명일역,1054,0.0499,0.3178,14.0,1008564136.0
3110112,행당역 2번,280,0.0499,0.1643,5.2,300753415.0
3120048,금호역,761,0.0499,0.2011,7.5,486473302.0
3110976,언북초등학교,204,0.0499,0.1765,7.2,133327386.0
3110789,대림성모병원,440,0.0499,0.1773,6.2,769056216.0
3120061,올림픽대교북단,517,0.0498,0.1509,8.2,1334911463.0
3111005,삼전역 3번,662,0.0498,0.2054,6.0,299194070.0
3110664,강서구청옆,85,0.0497,0.3412,10.1,386650071.0
3110067,배문고등학교,297,0.0497,0.1684,6.0,183275324.0
3120110,목동역 8번출구,1034,0.0497,0.3104,12.9,941249469.0
3110262,상봉역 3번,467,0.0497,0.2334,10.4,484161124.0
3110137,성수초등학교,612,0.0497,0.2565,14.6,1147433384.0
3120234,가락시장역,972,0.0497,0.3611,20.0,978025743.0
3110088,오산고등학교,265,0.0496,0.1472,5.3,172798124.0
3110039,회현역 1번,46,0.0496,0.1304,5.3,328395636.0
3111019,한성백제역 3번,474,0.0495,0.2131,8.3,167440202.0
3110564,홍대입구역 3번,413,0.0495,0.3123,9.8,471057334.0
3120129,구로디지털단지,1075,0.0495,0.4735,39.6,2241370240.0
3110904,이수역 5번,219,0.0495,0.1689,5.4,313072549.0
3110558,경성고등학교,501,0.0494,0.2615,8.8,518583667.0
3110835,상도역 1번,134,0.0494,0.1194,3.5,223211837.0
3110059,새남터성지,318,0.0494,0.1289,4.7,147694347.0
3130201,월정로시장,144,0.0493,0.1458,5.1,242366982.0
3120092,불광역,360,0.0493,0.2417,8.0,402550142.0
3120121,까치산역,849,0.0492,0.2556,10.4,775996495.0
3110094,오산중학교,67,0.0492,0.2388,7.1,422824877.0
3110507,명지대학교,878,0.0491,0.2301,9.0,323927241.0
3110470,신진과학기술고등학교,201,0.0491,0.209,6.5,153340692.0
3110486,은평구청,339,0.049,0.2124,7.5,430075331.0
3111085,묘곡초등학교(고덕아이파크아파트),584,0.049,0.1986,7.1,275765333.0
3110238,배꽃어린이공원,17,0.049,0.1176,3.2,225886048.0
3110963,역삼월드메르디앙아파트,91,0.049,0.1209,3.8,31993325.0
3110496,모래내우체국,488,0.049,0.1947,7.5,318079483.0
3111007,석촌고분역 4번,431,0.0489,0.1717,6.0,281190016.0
3110471,응암동우체국,324,0.0488,0.2006,7.2,651786222.0
3110483,연천초등학교,128,0.0488,0.125,3.3,77165623.0
3120133,서울시흥동우체국(홈플러스시흥점),524,0.0487,0.2156,8.8,390266304.0
3120017,동묘앞역(동묘),626,0.0487,0.2284,15.8,846529129.0
3130180,포방터시장,332,0.0487,0.1536,5.4,179027434.0
3120158,녹두거리(대학동),813,0.0487,0.2817,11.1,592489476.0
3130140,숭인시장,407,0.0487,0.1769,6.5,399450279.0
3110318,KT월곡지사,94,0.0487,0.1702,6.5,706154602.0
3110480,연신내역 3번,183,0.0487,0.1585,5.7,118271360.0
3111031,장지동주민센터(한림연예예술고교),282,0.0486,0.1596,6.7,236817087.0
3110565,홍익대,153,0.0486,0.1961,6.3,223906660.0
3110390,방학초등학교,413,0.0486,0.1913,6.1,288446780.0
3110305,보문역 5번,226,0.0485,0.2257,7.4,405081090.0
3110050,약수역 7번,60,0.0484,0.1667,5.9,368328395.0
3110875,보라매동주민센터(당곡고등학교),135,0.0484,0.1704,4.4,119521731.0
3110431,상계역,734,0.0484,0.2466,10.8,635815704.0
3110360,수유초등학교,350,0.0484,0.2229,8.0,212001782.0
3130289,봉일시장,75,0.0484,0.0933,4.4,103488440.0
3110254,오거리공원,650,0.0484,0.2538,9.2,250551180.0
3110538,충정로역 3번,102,0.0484,0.2353,7.7,350373372.0
3111089,상일여고(상일초등학교),896,0.0483,0.1908,8.4,428631940.0
3120021,시청역_8번,523,0.0483,0.1797,9.0,1405815563.0
3110625,신정2동주민센터,778,0.0483,0.2159,8.5,391742563.0
3130265,노량진중앙시장,217,0.0482,0.1336,3.6,427405767.0
3110569,홍대땡땡거리,471,0.0482,0.3206,14.3,350546030.0
3110373,수유역 2번,240,0.0482,0.2792,8.9,93397277.0
3110315,종암아이파크2차,498,0.0482,0.1727,5.7,192991168.0
3111061,암사역 1번,635,0.0481,0.2063,8.6,238412503.0
3110653,화곡역 2번,364,0.0481,0.1703,5.9,163735405.0
3120116,송정역,429,0.0481,0.2354,8.1,372346378.0
3130147,쌍문역동측상점가,509,0.0481,0.1847,5.7,418679104.0
3130122,밤나무골시장,26,0.0481,0.1154,4.4,21109108.0
3130132,삼양골목시장(삼양시장),443,0.048,0.1783,5.0,304978003.0
3110207,시립대앞사거리,129,0.0479,0.2713,6.8,176172386.0
3130167,연신내상점가(연빛거리),946,0.0479,0.3404,15.0,962329986.0
3120095,홍제역,826,0.0479,0.2579,10.7,796814352.0
3110174,아차산역 1번,472,0.0479,0.2034,8.4,225453551.0
3110958,역삼역 4번,86,0.0479,0.186,5.5,133761029.0
3110524,연희세브란스병원,138,0.0479,0.1667,5.2,463676935.0
3120147,보라매역,599,0.0478,0.1553,6.0,584931836.0
3110472,연신내역 4번,485,0.0477,0.2165,7.9,214142693.0
3110814,서울지방병무청,358,0.0477,0.1564,5.2,308440711.0
3120030,중부경찰서(영화인의거리),502,0.0477,0.253,12.2,525112868.0
3110745,독산동정훈단지,484,0.0476,0.1488,5.4,333870103.0
3110847,예술인마을,118,0.0476,0.1186,3.1,350958365.0
3110395,신한은행 방학동지점,239,0.0476,0.2385,7.0,121362310.0
3110440,상계3동4동주민센터,21,0.0476,0.0476,4.0,1534219.0
3111006,석촌고분역 1번,803,0.0476,0.2242,8.3,563409971.0
3120220,대치역,865,0.0475,0.2185,12.3,1643838189.0
3110542,마포구청역 7번,488,0.0475,0.1967,7.2,195427674.0
3110794,영동초등학교,275,0.0475,0.1273,4.5,209379219.0
3130078,화양제일골목시장,230,0.0474,0.1783,5.4,325825179.0
3110643,강서구다솔마을,293,0.0474,0.2628,9.6,859455997.0
3110330,돌곶이역 1번,165,0.0474,0.2,6.9,188373401.0
3130194,용강동 상점가,218,0.0473,0.3073,13.7,1297561893.0
3130063,신금호역 골목형상점가,306,0.0473,0.1503,5.6,178635483.0
3110857,미성동주민센터,278,0.0473,0.1115,5.3,166003134.0
3110493,북가좌초등학교,112,0.0472,0.1786,5.2,31354852.0
3110301,성신여대입구역 7번,174,0.0472,0.1782,6.7,224457490.0
3110157,자양동우체국,474,0.0472,0.2131,6.8,112014419.0
3110104,신금호역 4번,200,0.0472,0.16,6.7,133738082.0
3120100,망원역,724,0.047,0.2086,7.7,746301905.0
3110159,구의역 4번,891,0.047,0.2245,8.2,270414736.0
3130204,경창시장,458,0.0469,0.1681,5.8,327788890.0
3120022,북창동(시청역_6번),628,0.0469,0.2229,11.1,1783882199.0
3120049,왕십리역(왕십리),761,0.0469,0.3167,14.3,661045870.0
3110291,한성대입구역 3번,422,0.0469,0.2038,7.5,289303964.0
3110647,화곡역 5번,490,0.0468,0.2551,9.9,175247583.0
3110181,신설동역 9번,185,0.0468,0.2216,9.8,118686187.0
3110333,돌곶이역 5번,492,0.0467,0.1362,5.0,201450593.0
3110683,오류고등학교,50,0.0467,0.1,3.5,762284006.0
3110084,경리단길북측,492,0.0466,0.3049,12.0,368006216.0
3111012,석촌역 6번,423,0.0466,0.2388,8.2,177189568.0
3110746,금천금빛공원(은행나무사거리서측),170,0.0466,0.2706,8.6,271710868.0
3130166,응암시장(신응암시장),144,0.0466,0.1389,5.0,139399676.0
3130260,신대방1동골목상권,354,0.0466,0.1299,4.5,389801054.0
3130209,목사랑시장(목4동시장),352,0.0466,0.1989,6.7,345195541.0
3110697,개봉3동주민센터,168,0.0466,0.1429,5.2,61418917.0
3110955,논현초등학교,421,0.0466,0.304,12.4,319078413.0
3111077,길동주민센터(강동도서관),906,0.0466,0.266,11.1,457861530.0
3110602,신월시영아파트중문,158,0.0465,0.1519,4.8,125624269.0
3110161,중곡역 3번,534,0.0465,0.206,7.6,210515598.0
3130264,상도약수골목형상점가,128,0.0465,0.1328,4.4,98066425.0
3120237,경찰병원역,1069,0.0465,0.3059,13.1,683699297.0
3110366,광산사거리,203,0.0464,0.1773,6.7,217054220.0
3110646,푸른들청소년도서관,747,0.0464,0.2289,8.8,285156471.0
3110142,화양사거리,452,0.0463,0.2434,9.5,361778794.0
3110188,용두동신동아아파트,378,0.0463,0.172,5.6,185970711.0
3111059,강동역 4번(강풀만화거리),792,0.0463,0.2765,11.1,470528956.0
3111050,강동구청(강동구청역 2번),82,0.0463,0.1951,4.4,71787048.0
3120080,마들역,839,0.0463,0.1621,7.9,732581738.0
3130183,상암동상점가,550,0.0462,0.3291,17.6,866202408.0
3110628,신목동역,35,0.0462,0.1429,3.5,16646994.0
3110467,은평요양병원,409,0.0461,0.1956,6.4,358610812.0
3120112,등촌역,982,0.0461,0.2953,13.1,637106900.0
3110057,황학코아루아파트,230,0.0461,0.1217,4.4,263075519.0
3110335,석계역 7번,593,0.0461,0.172,7.9,492139201.0
3120056,구의역,972,0.0461,0.2706,13.4,918998292.0
3120069,상봉역,788,0.0461,0.3185,16.4,1346583750.0
3120151,보라매공원,898,0.046,0.284,19.6,939963436.0
3111076,둔촌2동주민센터,351,0.046,0.1909,5.9,291016976.0
3120090,연신내역,920,0.046,0.2685,11.4,1012492283.0
3110264,면목역 2번,641,0.046,0.2122,7.5,321960441.0
3110866,난우중학교,213,0.0459,0.1362,5.2,162875914.0
3110239,중랑역 2번,60,0.0459,0.1333,5.9,270765217.0
3110586,서울서부지방법원,475,0.0459,0.1979,9.1,318141874.0
3110425,계상초등학교,537,0.0459,0.1862,7.8,147804906.0
3110600,신월7동주민센터,403,0.0458,0.1538,5.9,291217985.0
3110190,고대앞사거리,143,0.0458,0.1888,7.0,262420100.0
3110829,장승배기역 5번,75,0.0458,0.1467,4.0,68478530.0
3110216,전농중학교,340,0.0458,0.1824,5.5,236264659.0
3120142,대림역,743,0.0457,0.3271,16.8,965010398.0
3120028,명동(명동거리),871,0.0457,0.4569,38.3,2963297544.0
3130244,대림중앙시장,373,0.0457,0.2681,9.6,532159903.0
3110726,금천철쭉어린이공원(금하마을),242,0.0457,0.1116,4.4,88182596.0
3110579,마포역 4번,95,0.0457,0.1684,4.9,259832914.0
3130315,문정동 로데오거리 상점가(문정동 로데오거리),610,0.0456,0.2213,11.6,875972285.0
3130051,동화동 골목형상점가,470,0.0456,0.1766,8.4,296564899.0
3120132,독산동,1148,0.0456,0.3031,15.7,908368226.0
3111060,암사역 2번(서울강동초등학교),803,0.0456,0.2154,10.5,448070857.0
3110076,삼각지역 14번,70,0.0456,0.2,4.4,305503841.0
3110167,용마초등학교,614,0.0455,0.1808,6.6,261936353.0
3110767,도림동주민센터,33,0.0455,0.0909,3.1,41551473.0
3110522,홍제역 3번,87,0.0455,0.1724,3.9,14144226.0
3120012,대학로(혜화역),968,0.0455,0.3771,20.9,1453807428.0
3110326,장위동성당,22,0.0455,0.0909,3.0,17465235.0
3110495,북가좌2동주민센터,562,0.0454,0.169,6.4,338639263.0
3110351,수유북부시장옆,265,0.0454,0.1358,4.7,79525091.0
3110850,사당역 10번,801,0.0454,0.2322,10.1,435286837.0
3110509,연희대우아파트앞,329,0.0454,0.2128,6.8,296649014.0
3110485,연신내우체국,187,0.0454,0.2139,6.9,86397106.0
3130047,테크노상가(엘리시움),76,0.0453,0.4079,349.6,1490356674.0
3110434,태릉입구역 4번,151,0.0453,0.1722,5.1,41174619.0
3110743,시흥초등학교(시흥1동우체국),481,0.0453,0.1954,6.9,140271122.0
3130293,봉천중앙시장,84,0.0453,0.1667,6.7,327191632.0
3110890,봉천역 1번(관악초등학교),259,0.0453,0.1506,5.4,112143699.0
3110377,미아사거리역 3번,172,0.0453,0.25,7.8,235942182.0
3110407,도봉역 2번,508,0.0452,0.2028,9.6,360841640.0
3111064,둔촌동역 4번,325,0.0452,0.1846,6.1,83468328.0
3120242,강동구청역,847,0.0452,0.2491,11.9,583730243.0
3120130,구로디지털단지역,955,0.0452,0.289,13.7,1274119538.0
3110658,화곡초등학교,279,0.0452,0.2115,6.9,255898495.0
3120198,구역삼세무서,1024,0.0452,0.3115,15.4,695730476.0
3130248,영등포역지하도상점가,439,0.0452,0.2916,26.3,1822941258.0
3120068,사가정역,607,0.0452,0.2076,8.0,854617050.0
3110177,동의초등학교,76,0.0452,0.1316,4.3,75602862.0
3120016,동대문역,444,0.0452,0.2883,15.4,488951398.0
3120181,교육개발원입구사거리,476,0.0452,0.1828,7.4,1046274741.0
3120085,은행사거리,893,0.0451,0.2665,20.4,1018645258.0
3110314,종암경찰서,689,0.0451,0.1858,7.1,362757882.0
3110417,월계역 3번,150,0.0451,0.1267,4.2,72733819.0
3111027,문정초등학교,593,0.0451,0.2142,7.4,292030993.0
3110536,돈의문센트레빌아파트입구,113,0.0451,0.0796,3.4,109406345.0
3120172,교대입구교차로,951,0.0451,0.2965,13.7,776500853.0
3110717,남구로역 2번,822,0.0451,0.2579,9.5,337025492.0
3130263,신노량진시장(기능상실),81,0.0451,0.1235,3.5,409198406.0
3120037,동대문역사문화공원역,986,0.0451,0.3692,57.0,2281140197.0
3110403,방학1동주민센터,554,0.0451,0.2455,10.8,260024519.0
3110563,상수역 3번,56,0.0451,0.1429,5.7,424083105.0
3110547,KB국민은행 망원동지점,427,0.0451,0.1967,8.7,305606630.0
3120055,군자역,1207,0.045,0.3297,17.8,1287545457.0
3110387,쌍문초등학교,419,0.045,0.1432,5.4,157464720.0
3110460,구산역 4번,629,0.045,0.2194,8.7,407569130.0
3110622,달마을공원,282,0.045,0.1596,5.5,141679089.0
3110634,송정역 3번,748,0.045,0.2099,8.2,371711460.0
3120113,오목교역,1013,0.0449,0.3218,14.7,1151099894.0
3110606,신한은행 신월동지점,590,0.0449,0.1797,7.0,331425089.0
3110371,삼양입구사거리,294,0.0449,0.1871,6.4,347838816.0
3110858,신대방역 1번,247,0.0449,0.1296,4.0,165508931.0
3120166,방배역,1107,0.0449,0.3252,14.7,1246998138.0
3110446,내를건너서숲으로도서관,133,0.0449,0.1579,5.8,35807499.0
3120088,구산역,685,0.0448,0.1766,7.5,1164222347.0
3110453,신사1동주민센터,508,0.0448,0.1969,7.9,206881248.0
3110294,서경대학교,359,0.0448,0.1588,5.9,271025489.0
3110527,홍제역 2번,223,0.0448,0.1435,4.7,115885839.0
3111015,석촌역 3번,640,0.0448,0.2438,9.9,278612387.0
3110665,곰달래도서관,437,0.0448,0.1808,8.9,325826768.0
3130181,아현가구거리상점가,156,0.0447,0.2115,14.6,644218904.0
3130170,제일시장,570,0.0447,0.2439,17.7,523055926.0
3130225,개봉중앙시장,676,0.0447,0.1612,5.2,403861316.0
3110595,메디힐병원,511,0.0446,0.2094,7.3,326439937.0
3110066,서울역 15번,233,0.0446,0.1717,7.8,495058871.0
3110675,화곡4동주민센터,256,0.0446,0.2617,9.5,74180979.0
3110984,포이초등학교(개포목련어린이공원),438,0.0445,0.1918,8.1,287978620.0
3130066,행당시장상점가,720,0.0445,0.1806,8.2,670264615.0
3110388,도봉우체국,196,0.0444,0.1071,4.6,193460455.0
3110362,우이천 계성교,357,0.0444,0.1737,6.1,103632967.0
3130284,관악종합시장(신원시장),56,0.0444,0.1429,5.4,71543153.0
3120058,구의사거리,625,0.0444,0.1552,5.5,588690135.0
3110855,신대방역 2번,628,0.0444,0.2245,9.1,436611295.0
3110638,신방화역 2번,987,0.0443,0.2148,8.5,454875482.0
3110827,NH농협은행 상도동지점,363,0.0443,0.1515,6.5,244641130.0
3110992,도곡초등학교,473,0.0443,0.2347,13.8,709615535.0
3111069,천호1동주민센터,218,0.0443,0.1697,5.5,40743805.0
3110707,구로창업지원센터,266,0.0443,0.1203,6.5,211865170.0
3110075,숙대입구역 1번,269,0.0443,0.1487,5.4,210493692.0
3111054,암사역 4번(삼성광나루아파트),75,0.0442,0.1333,4.3,176969653.0
3120091,본서부병원,824,0.0442,0.2282,9.7,666675271.0
3110219,삼육보건대학교,548,0.0442,0.188,6.8,442178121.0
3110626,양화초등학교,253,0.0442,0.1818,6.8,81848503.0
3130190,홍대소상공인상점가,412,0.0442,0.3714,15.6,1192236377.0
3110731,금천구청역 1번 출입구,377,0.0441,0.2255,7.6,261533573.0
3111021,방이역 4번,888,0.0441,0.2691,14.5,710595853.0
3110348,강북문화예술회관,270,0.0441,0.137,5.0,167848958.0
3120120,화곡역,801,0.0441,0.3159,13.3,951128144.0
3110825,신대방삼거리역 1번,271,0.044,0.2177,7.4,77041873.0
3120180,양재화물트럭터미널앞,303,0.044,0.2673,12.1,379977898.0
3110293,삼선중학교,381,0.044,0.1864,7.3,294079417.0
3110714,구로4동주민센터,739,0.044,0.2449,9.2,530148480.0
3110156,군자역 5번,262,0.044,0.1718,5.1,261569751.0
3110089,서빙고동주민센터,76,0.0439,0.0789,2.8,505572841.0
3110210,서울시립대,256,0.0439,0.125,5.4,177713934.0
3110575,대흥동주민센터,98,0.0439,0.1327,6.1,96330338.0
3110007,사직공원(한국사회과학도서관),41,0.0439,0.1707,4.9,185044259.0
3110162,군자역 4번,273,0.0439,0.1868,7.6,119488904.0
3110633,개화산역 1번,157,0.0439,0.2866,9.5,246250990.0
3110085,경리단길남측,431,0.0438,0.3225,12.0,385097731.0
3110572,서강대역 1번,470,0.0438,0.2447,8.8,299616510.0
3110737,금천세무서,114,0.0438,0.1754,5.9,261383685.0
3110757,양평역 2번,461,0.0438,0.167,7.0,492914446.0
3111071,천동초등학교,101,0.0438,0.1485,4.1,67899439.0
3111079,둔촌고등학교(둔촌중학교),174,0.0438,0.1207,4.8,214977647.0
3110744,독산동성당,624,0.0438,0.2083,8.1,258177785.0
3120067,장안동사거리,1305,0.0438,0.3257,17.2,1172590924.0
3110660,등촌3동주민센터,1023,0.0437,0.2483,10.7,507192084.0
3120087,응암역,560,0.0437,0.1357,4.6,571677482.0
3110498,증산역 1번,223,0.0437,0.1435,5.8,272120642.0
3110474,세명컴퓨터고등학교,155,0.0436,0.1032,4.4,109085237.0
3110234,중랑역 4번,158,0.0436,0.1203,5.1,282774361.0
3130205,신곡종합시장(신월6동 골목시장),445,0.0436,0.1079,4.5,677149537.0
3120004,종로구청,614,0.0436,0.2036,8.5,799703595.0
3110910,내방역 5번,88,0.0436,0.0909,3.5,267697713.0
3111039,벌말어린이공원,253,0.0436,0.1542,5.4,367678267.0
3130053,백학시장,519,0.0436,0.2004,8.4,776259231.0
3110049,장충단 고개,202,0.0436,0.2277,9.1,449280638.0
3110383,덕성여대시반거리,305,0.0436,0.1836,5.3,195170332.0
3110821,보라매역 2번,262,0.0436,0.2061,6.8,165873644.0
3110479,연신내역 2번,283,0.0435,0.2014,7.7,352073132.0
3120109,서울남부지방법원,882,0.0435,0.229,9.3,373920767.0
3120032,충무로역,927,0.0435,0.3053,20.4,1158039439.0
3110140,건대입구역 6번,542,0.0435,0.2638,11.8,377578746.0
3110072,열정도,98,0.0435,0.2755,9.2,968484557.0
3110278,망우본동주민센터,611,0.0435,0.2144,7.3,274204970.0
3110308,길음역 8번,345,0.0435,0.2145,6.8,266983005.0
3120086,태릉입구역,664,0.0434,0.1822,7.0,348693509.0
3110113,응봉산,123,0.0434,0.0813,3.0,30248233.0
3110842,흑리단길,363,0.0434,0.1653,6.0,331190797.0
3110557,홍대부속여중고앞,506,0.0434,0.2154,8.1,211213108.0
3110708,화원어린이공원,98,0.0434,0.1122,3.2,37512801.0
3110277,러스크서울병원,325,0.0434,0.2215,6.8,243070306.0
3110024,혜회동주민센터,194,0.0434,0.134,5.9,208857474.0
3110612,신정역 5번,476,0.0433,0.2101,7.5,160726969.0
3120083,등나무근린공원,997,0.0433,0.2307,15.0,1918763166.0
3120185,논현역,1234,0.0433,0.3987,21.6,2116118282.0
3130290,영림시장,959,0.0433,0.2221,8.6,623363430.0
3120168,서울고교교차로,179,0.0432,0.1955,11.0,617143438.0
3110877,신림역 8번,404,0.0432,0.1931,6.6,421390867.0
3110429,공릉동 국수거리,708,0.0432,0.1638,8.9,393701322.0
3110487,불광역 8번,154,0.0432,0.1429,4.7,436451714.0
3130268,상도전통시장,453,0.0431,0.1634,6.0,354775073.0
3120240,개롱역,969,0.0431,0.2064,9.4,708065310.0
3110131,성수동카페거리,558,0.043,0.2993,15.4,1957240869.0
3110080,해방촌예술마을,243,0.043,0.1934,6.6,189312076.0
3110478,응암1동주민센터,187,0.043,0.1337,5.1,313554544.0
3110804,신풍역 1번,386,0.043,0.1554,5.4,362508954.0
3110405,방학역 1번,861,0.043,0.1974,8.8,348590047.0
3110240,태릉시장 특화거리,350,0.043,0.1971,7.1,296284862.0
3110182,용두희망어린이공원,107,0.0429,0.1589,5.5,490187535.0
3110358,인수동 우편취급국,173,0.0429,0.2312,7.5,104171360.0
3111004,삼전역 1번,967,0.0429,0.2647,11.4,696694688.0
3110896,관악우성아파트,221,0.0429,0.1629,5.9,211902588.0
3111070,천호초등학교,84,0.0429,0.119,3.5,162903731.0
3110544,망리단길,1075,0.0429,0.346,19.8,389751488.0
3110916,내방역 4번,258,0.0429,0.1357,5.8,254376705.0
3120224,수서역,944,0.0429,0.1875,9.1,1461487379.0
3110654,까치산역 4번,894,0.0428,0.2427,9.2,253894418.0
3110722,G타워,205,0.0428,0.1122,3.6,340550902.0
3120111,목동사거리,903,0.0428,0.2447,10.3,545855994.0
3111055,선사초등학교,30,0.0428,0.1667,5.4,288528229.0
3110020,서울국제고등학교,315,0.0428,0.146,6.1,205622073.0
3130110,면목골목시장(면목시장),677,0.0427,0.2112,8.5,465492630.0
3110345,솔밭공원역 2번,323,0.0427,0.1734,5.8,327893255.0
3130219,까치산시장,620,0.0427,0.2323,9.2,695193826.0
3110834,동작구자원봉사센터,41,0.0427,0.122,3.4,61403274.0
3120162,방배동카페골목,767,0.0427,0.1982,8.9,541278905.0
3110926,신중초등학교,174,0.0427,0.1724,6.0,82465568.0
3110864,신림우방아파트,145,0.0427,0.131,4.6,296141588.0
3110616,양목초등학교,65,0.0426,0.1385,4.0,53766942.0
3110917,서초소방서,47,0.0426,0.0426,3.1,1159939096.0
3110306,미아초등학교,125,0.0426,0.168,4.8,85835421.0
3111056,천호태영아파트,88,0.0426,0.1023,2.7,294415287.0
3110382,솔밭공원역 1번,133,0.0426,0.1053,3.2,128458056.0
3120193,도산공원교차로,750,0.0425,0.256,13.1,1909132359.0
3110396,쌍문역1번(쌍리단길),504,0.0425,0.1825,6.6,635022442.0
3130178,이대 앞 스타트업 상점가,250,0.0425,0.228,8.7,140980488.0
3120076,수유역,1089,0.0425,0.4601,29.6,2472690357.0
3120039,신당역,908,0.0425,0.3392,82.0,815189123.0
3110943,법제교육센터(버들어린이공원),277,0.0424,0.1552,4.5,322847314.0
3110762,선유도역 1번,882,0.0424,0.2483,10.7,1165630877.0
3110482,연신초등학교,197,0.0424,0.1624,4.6,125499584.0
3120107,공덕역(공덕오거리),732,0.0424,0.347,16.3,1135152702.0
3110342,국립재활원,55,0.0424,0.1091,3.4,53977655.0
3120194,언주역(차병원),775,0.0424,0.3729,18.2,1133510483.0
3110012,성곡미술관,141,0.0424,0.234,8.4,591343215.0
3120106,마포역,869,0.0423,0.267,13.3,731012610.0
3110259,사가정역 1번,399,0.0423,0.208,8.7,393797385.0
3120235,문정역,805,0.0423,0.5304,45.0,1596190827.0
3120079,창동역,947,0.0423,0.2196,9.7,966988609.0
3110741,독산2동주민센터,475,0.0422,0.1747,6.1,249333944.0
3120052,성수역,1120,0.0422,0.3777,22.6,1404288934.0
3110365,미아역 5번,231,0.0422,0.1472,6.9,184099885.0
3120045,남영동 먹자골목,514,0.0422,0.2023,10.1,1056536802.0
3130061,이태원시장,155,0.0421,0.271,23.0,607861896.0
3110738,문성초등학교,636,0.0421,0.2311,8.5,312880374.0
3111037,Sh수협은행 오금동금융센터(아랫말어린이공원),91,0.0421,0.0989,3.8,158077035.0
3110949,한남IC,150,0.042,0.1733,6.0,194934557.0
3110397,도봉산입구,727,0.042,0.1926,10.0,762950568.0
3110228,장안근린공원,535,0.042,0.1907,9.4,409670775.0
3110297,경동고등학교,415,0.0419,0.1518,6.9,145184586.0
3111049,천호지구대(천호동자전거거리),333,0.0419,0.1892,7.9,284899781.0
3130288,신림현대종합상가,62,0.0419,0.1129,3.6,37336995.0
3111003,삼전역 4번,962,0.0419,0.2193,8.9,447874909.0
3130321,장신구 특화거리 상점가,158,0.0419,0.1203,4.3,77425092.0
3120233,몽촌토성역,500,0.0419,0.238,9.0,883378843.0
3110369,성신여대운정그린캠퍼스,553,0.0419,0.2369,8.5,335520646.0
3130172,모래내시장(서중시장),351,0.0419,0.1795,7.3,661654501.0
3110541,동교초등학교,503,0.0418,0.2266,8.4,265426682.0
3111065,천일초등학교,106,0.0418,0.1415,6.0,32023563.0
3120225,잠실새내역(신천),1258,0.0418,0.4992,32.3,2716465889.0
3120215,포스코사거리,1141,0.0417,0.3935,26.2,2117593685.0
3120170,삼호가든사거리,720,0.0417,0.2347,12.7,1345274465.0
3110998,은곡마을(은곡마을공원),70,0.0417,0.1286,2.7,418208536.0
3110585,마포경찰서,36,0.0417,0.1111,2.9,123436980.0
3130206,신정3동 골목시장,76,0.0417,0.0789,3.3,110773252.0
3110187,제기동역 6번,485,0.0417,0.1835,10.0,593745157.0
3120084,공릉역,633,0.0417,0.1785,6.9,567189736.0
3120214,영동대교남단교차로,405,0.0416,0.1654,7.1,545255077.0
3130125,장위전통시장,275,0.0416,0.1564,6.9,198400156.0
3110204,간데메공원,390,0.0416,0.1821,8.3,516230620.0
3120144,영중로,494,0.0416,0.1761,6.7,705792912.0
3111033,문정동성당,125,0.0416,0.144,3.9,289157269.0
3120065,회기역,688,0.0416,0.2209,7.9,384541869.0
3110247,먹골역 1번,588,0.0416,0.1667,5.7,250080800.0
3110618,강서고등학교,303,0.0415,0.2244,8.5,147754098.0
3111042,거여역 1번(거여공원),505,0.0415,0.196,8.1,337480476.0
3120154,장승배기역,643,0.0415,0.1617,7.8,451338202.0
3110451,증산역 4번,446,0.0415,0.157,6.7,216631942.0
3130072,성동용답상가시장,772,0.0415,0.215,8.3,606427384.0
3110406,도봉산역 1번,190,0.0414,0.2,13.6,840059049.0
3110788,영등포시장역 3번,54,0.0414,0.1111,7.0,9442650441.0
3110874,원신초등학교(구세군관악영문교회),167,0.0413,0.1916,7.7,59251901.0
3110419,수락산디자인거리,627,0.0413,0.2026,9.1,464039796.0
3120101,합정역,1016,0.0413,0.3848,18.7,1172374304.0
3120006,종각역,1098,0.0413,0.4536,27.6,2473701422.0
3110790,대림1동주민센터,350,0.0412,0.1657,5.5,187271730.0
3130274,사당1동먹자골목상점가(사당1동먹자골목),438,0.0412,0.1986,9.8,777367547.0
3110197,세종대왕기념관교차로,59,0.0412,0.1356,3.1,74950877.0
3120249,고덕역,843,0.0411,0.255,14.5,1855793989.0
3110819,신대방역 4번,602,0.0411,0.1811,6.9,289547767.0
3110463,응암3동주민센터,190,0.0411,0.1684,5.5,569563139.0
3120123,오류동역,748,0.0411,0.2139,9.2,750086616.0
3130050,청평화시장,46,0.0411,0.7609,1662.1,508020173.0
3120125,구로역,955,0.0411,0.3497,100.7,4023574448.0
3120001,서대문역,834,0.0411,0.2086,9.9,668270246.0
3110621,목동역 5번,173,0.0411,0.1098,6.4,744337430.0
3130012,"동대문종합시장(동대문종합시장 신관, 동대문종합시장D동상가)",54,0.0411,0.6667,84.9,720305550.0
3120141,영등포청과시장교차로,450,0.0411,0.22,7.9,232642424.0
3120238,방이역,545,0.041,0.2202,10.0,881775449.0
3120026,을지로입구역,598,0.041,0.311,15.9,1711714836.0
3120024,회현역,448,0.041,0.2232,9.7,674529871.0
3110237,메가박스 상봉,447,0.0409,0.2215,10.7,449879928.0
3110671,등촌1동주민센터,635,0.0409,0.2157,8.8,969592114.0
3120097,충정로역,250,0.0409,0.148,6.0,396362939.0
3120114,목동신시가지,1146,0.0409,0.3962,41.5,1309682472.0
3130295,인헌시장(원당종합시장),598,0.0409,0.2207,7.4,585015378.0
3120229,방이동먹자골목,785,0.0409,0.3567,18.7,1844012017.0
3110437,당고개역 2번,239,0.0409,0.1841,6.4,118453089.0
3120072,성신여대,1111,0.0409,0.4149,23.0,1254754757.0
3110677,등촌역 1번,44,0.0409,0.1818,5.0,320624583.0
3110846,남성역 1번,699,0.0409,0.2046,8.3,280580585.0
3110232,동대부고,515,0.0408,0.165,8.0,966942715.0
3120136,영등포구청역,1058,0.0407,0.3129,15.6,720790311.0
3110670,신곡초등학교,256,0.0407,0.1836,6.3,162848037.0
3120210,선릉역,1192,0.0406,0.5529,49.5,2817488869.0
3120003,광화문역,929,0.0406,0.4144,27.1,1701779533.0
3110152,중곡어린이공원,147,0.0406,0.1361,4.8,221226282.0
3110673,뜸부기어린이공원,352,0.0406,0.1676,7.9,393378231.0
3110749,금산초등학교(금천고등학교),458,0.0405,0.1616,6.0,300088204.0
3110559,성산중학교,360,0.0405,0.3333,12.4,419267856.0
3110158,중곡3동주민센터,555,0.0405,0.2036,8.0,272841607.0
3120036,장충동족발거리(남소영길),225,0.0405,0.2044,7.9,744289422.0
3110720,대림역 2번,385,0.0405,0.2597,9.7,305811742.0
3130054,황학동주방가구거리상점가,215,0.0404,0.1721,14.2,723620138.0
3120102,서교동(홍대),918,0.0404,0.2963,14.9,740317683.0
3110249,중화역 1번,630,0.0404,0.1794,6.6,343327804.0
3110529,홍제3동주민센터,473,0.0404,0.1734,6.5,185674856.0
3110957,언북중학교,263,0.0403,0.2281,9.2,245230908.0
3130049,신당 미래유산 먹거리 골목형상점가,40,0.0403,0.125,10.8,1365752533.0
3110133,서울교통공사,69,0.0403,0.1594,7.0,222299540.0
3110243,중랑노인종합복지관,561,0.0403,0.2103,8.5,251640739.0
3110226,장안1동주민센터,941,0.0403,0.2742,14.3,745504417.0
3110042,남산골공원옆,70,0.0403,0.1143,5.1,265993529.0
3130227,고척골목시장상점가(그라운드 고척),383,0.0402,0.1227,4.3,396290177.0
3120103,홍대입구역(홍대),1188,0.0402,0.5564,52.1,3111339203.0
3130112,사가정시장,659,0.0402,0.2018,9.1,360599072.0
3110856,미성초등학교,642,0.0402,0.1386,5.7,272959174.0
3110510,홍연시장,208,0.0402,0.1346,4.4,151674723.0
3120243,천호역,1067,0.0402,0.4189,34.4,1842945911.0
3120201,도곡1동,1018,0.0402,0.2092,9.4,646694427.0
3130312,석촌시장,635,0.0402,0.1953,8.1,658996039.0
3130169,대조시장,348,0.0402,0.2557,11.0,221854906.0
3130242,대림중앙 골목형상점가,154,0.0402,0.1948,5.9,594725729.0
3110225,촬영소사거리,224,0.0401,0.1696,6.0,173768008.0
3110079,후암동주민센터,535,0.0401,0.2093,9.6,354775360.0
3130104,전곡시장,230,0.0401,0.1043,4.3,324915011.0
3110274,서일대학교,699,0.0401,0.1845,7.2,252769872.0
3110659,화곡역 4번,766,0.0401,0.2298,9.7,380490154.0
3110932,서울시인재개발원,27,0.0401,0.1481,4.3,129824875.0
3120011,종로4가,443,0.04,0.2619,31.3,1093273290.0
3110852,이수역 9번,249,0.04,0.1285,5.4,312939101.0
3130310,강남개포시장,779,0.04,0.1694,7.8,451099161.0
3110040,중구회현체육센터(정화예술대남산캠퍼스),111,0.04,0.1892,6.9,125535736.0
3111052,암사역 3번(천호동자전거거리),487,0.04,0.2033,8.4,336006951.0
3110350,가오리역 2번,196,0.04,0.1786,5.3,153118553.0
3110114,왕십리파출소,68,0.04,0.1176,5.5,504701869.0
3110166,구의1동주민센터,699,0.04,0.2074,8.9,284057112.0
3130075,노룬산시장(노룬산골목시장),102,0.0399,0.098,4.4,117413590.0
3110994,개포고등학교,460,0.0399,0.1609,6.5,401421659.0
3120094,"신촌역(신촌역, 신촌로터리)",1189,0.0399,0.513,39.3,2131149107.0
3120203,강남구청역,1123,0.0398,0.3473,18.8,1265525515.0
3110718,한국SGI본부,387,0.0398,0.2171,11.6,797869706.0
3130261,성대전통시장(성대시장),710,0.0398,0.1493,6.6,722532101.0
3130278,미성동 도깨비시장 골목형상점가,291,0.0397,0.1718,6.0,175914625.0
3130133,우이골목시장(우이시장),334,0.0397,0.1467,6.2,366175856.0
3110930,서초동성당,168,0.0397,0.1131,4.0,255038353.0
3111009,송파책박물관,116,0.0397,0.0948,3.6,82873019.0
3130313,방이시장,956,0.0397,0.2019,8.2,457893552.0
3120159,서울대입구역,1155,0.0397,0.361,19.3,2057056449.0
3110063,효창공원앞역 5번,328,0.0396,0.2134,11.0,449862232.0
3110831,상도4동주민센터,195,0.0396,0.1385,5.7,232184090.0
3130273,남성사계시장(남성시장),816,0.0396,0.19,8.4,880109546.0
3120140,문래동주민센터,463,0.0396,0.1706,7.7,594203588.0
3130200,"신월7동 골목시장(약수시장, 우성상가)",142,0.0396,0.1127,3.6,101319778.0
3120227,잠실역,911,0.0396,0.4775,52.6,5648867207.0
3110093,우사단길,428,0.0395,0.3037,12.7,428782543.0
3110236,신묵초등학교,475,0.0395,0.24,9.5,123616879.0
3110035,동묘앞역 2번,279,0.0394,0.1398,4.8,79478822.0
3111078,굽은다리역 4번,907,0.0394,0.2514,10.2,244320717.0
3120138,당산2동(영등포우체국),555,0.0394,0.1568,7.6,523215208.0
3120023,서울시청,600,0.0394,0.2017,9.7,1510709019.0
3110607,금빛새마을금고본점,51,0.0394,0.2157,5.5,79857872.0
3120186,가로수길,1096,0.0394,0.4307,29.2,2632255469.0
3110571,신수동주민센터,202,0.0394,0.1584,5.2,78631526.0
3110521,홍제역 4번,123,0.0393,0.1463,7.2,305920863.0
3110713,구로보건소,768,0.0393,0.2005,9.9,308175219.0
3110848,양지어린이공원,345,0.0393,0.1507,6.6,161448099.0
3130245,영일시장,98,0.0392,0.3673,37.8,7973163809.0
3110940,양재근린공원(양재2동주민센터),85,0.0392,0.0706,3.3,186930832.0
3110908,구반포역,293,0.0392,0.1775,11.0,155926733.0
3120063,청량리역(청량리),880,0.0392,0.3216,23.2,1199447781.0
3110456,구산보건지소,477,0.0392,0.2285,7.8,240816421.0
3110508,서연중학교,160,0.0392,0.225,8.9,182346560.0
3110488,우리은행응암동지점,289,0.0392,0.1592,6.6,182655624.0
3120232,송파나루역,526,0.0391,0.1692,5.6,748527087.0
3120098,DMC(디지털미디어시티),810,0.0391,0.321,16.0,1519934547.0
3110902,사당역 4번,692,0.0391,0.2225,8.8,432815257.0
3130058,이촌종합시장,335,0.0391,0.1194,5.8,521254339.0
3110695,개봉1동주민센터,701,0.0391,0.2054,8.7,302769833.0
3110118,왕십리역 9번,377,0.0391,0.1379,6.1,476085316.0
3120029,을지로2가,249,0.0391,0.1888,6.8,879021893.0
3111013,송파나루역 1번(송리단길),678,0.0391,0.3053,14.1,608679805.0
3130131,동북프라자,98,0.0391,0.102,5.6,784172433.0
3120178,신사역,1236,0.0391,0.3972,29.9,2691828245.0
3110404,신창초등학교,855,0.039,0.2234,9.8,283248628.0
3110632,방화역 3번,312,0.039,0.1474,5.6,413753724.0
3110468,응암역 3번,644,0.0389,0.2422,9.6,177606904.0
3110782,영등포시장역 4번,87,0.0389,0.1724,8.0,270622869.0
3110081,해방촌 남동측,428,0.0389,0.2734,10.0,423233427.0
3110732,가산초등학교(세일중학교),378,0.0389,0.2302,7.5,263083177.0
3130086,서울약령시장,489,0.0389,0.3231,23.5,2674476801.0
3110540,망원나들목체육관,76,0.0389,0.0921,4.5,217452921.0
3110694,세곡초등학교,522,0.0388,0.182,7.6,163390188.0
3110975,매봉역 1번,49,0.0388,0.0612,3.3,637240604.0
3120059,구삼강변맛길,744,0.0388,0.2016,8.4,757824044.0
3110423,석계역 2번,235,0.0388,0.1915,6.4,219330312.0
3120077,미아역,862,0.0388,0.2552,10.9,638050682.0
3110808,신길역 1번,28,0.0387,0.1071,3.4,19083070.0
3110489,불광역 3번,104,0.0387,0.1923,5.9,301916856.0
3120212,한티역,909,0.0387,0.3542,24.7,1494324789.0
3110211,전곡마을마당공원,368,0.0387,0.1739,7.6,188873405.0
3110753,시흥동 은행나무사거리,514,0.0387,0.1907,7.0,445252876.0
3130102,이문제일시장,41,0.0386,0.0976,2.8,53396983.0
3110149,세종대학교,41,0.0386,0.0976,2.9,179031789.0
3110515,홍은중학교,69,0.0386,0.1014,3.4,68952325.0
3120196,서울세관,612,0.0386,0.2288,10.7,550755457.0
3120139,대림3동사거리,863,0.0386,0.2016,9.5,2623350025.0
3130111,"동원전통종합시장(동원시장, 동원전통시장 상점가)",795,0.0385,0.2252,11.8,950623303.0
3110764,문래역 3번,13,0.0385,0.0769,3.0,472562375.0
3110526,봉원사,93,0.0385,0.086,2.6,264662162.0
3110826,장승배기역 4번,362,0.0385,0.1961,7.3,399862664.0
3120143,당산역,901,0.0385,0.2597,12.3,890024847.0
3110978,도곡2동주민센터(대치중학교),26,0.0385,0.0769,3.0,152312938.0
3110199,홍릉시장,321,0.0385,0.1713,6.8,214435367.0
3110206,텃골근린공원,279,0.0385,0.1649,5.3,186049079.0
3110909,남태령역(서울전자고등학교),13,0.0385,0.0769,3.0,30084516.0
3120051,뚝섬역,774,0.0384,0.2907,17.0,968158555.0
3110701,고척동성당,217,0.0384,0.1475,5.7,443518020.0
3110273,장스여성병원,284,0.0383,0.1901,6.5,437196556.0
3110833,상도역 2번,196,0.0383,0.1276,6.3,112480048.0
3110006,부암동주민센터,27,0.0383,0.1481,4.2,78397208.0
3110577,용강동주민센터,343,0.0383,0.1399,5.8,434427096.0
3110116,청계천박물관,77,0.0383,0.0779,3.1,89163626.0
3130211,신정2동 골목시장(오목교중앙시장),176,0.0382,0.1023,4.5,46596345.0
3110837,숭실대입구역 1번,664,0.0382,0.1491,6.0,363192669.0
3110272,신내1동주민센터,798,0.0382,0.1942,9.6,544875201.0
3110783,영등포시장역 1번,237,0.0382,0.1266,5.3,192131148.0
3120239,오금역,655,0.0382,0.229,10.3,370598812.0
3111044,남천초등학교,615,0.0382,0.1756,7.2,482873819.0
3110422,노원역 9번,188,0.0382,0.1489,6.4,189688488.0
3120177,신논현역 1번,504,0.0382,0.2282,8.9,175992222.0
3110630,공항시장역 1번,414,0.0382,0.1884,8.3,278493100.0
3111046,마천역(마천초등학교),891,0.0381,0.2379,10.8,930608571.0
3110710,남구로역 3번,571,0.0381,0.2925,14.9,474964275.0
3120187,신논현역,1171,0.0381,0.4885,34.0,2822949059.0
3110328,상월곡역 3번,120,0.0381,0.0917,3.5,187627294.0
3110352,수유1동주민센터,456,0.038,0.1535,5.7,232712982.0
3130233,남문시장,336,0.038,0.2173,8.9,581663093.0
3110802,신길동홍어거리,157,0.038,0.1401,4.2,103990016.0
3110787,신길3동주민센터,577,0.038,0.1369,5.9,217403249.0
3130324,길동복조리시장,377,0.038,0.1592,6.4,423759209.0
3111030,방이역 2번,406,0.038,0.1502,6.5,248392294.0
3110078,이촌동점보아파트,238,0.038,0.0882,4.0,362249355.0
3120152,신대방삼거리역,834,0.0379,0.2074,10.0,953645845.0
3110977,논현로18길,55,0.0379,0.0727,2.5,232736092.0
3130120,돈암시장(돈암제일시장),416,0.0379,0.1707,7.1,772179227.0
3110566,경의선책거리,646,0.0378,0.3328,16.6,536807080.0
3110873,당곡중학교,704,0.0378,0.1932,7.1,195892914.0
3130311,새마을시장,920,0.0378,0.2011,9.6,844961774.0
3110604,신월4동주민센터,432,0.0378,0.1898,7.5,191738772.0
3110712,남구로역 5번,463,0.0378,0.2527,11.7,245278755.0
3110590,만리재,236,0.0377,0.1568,6.0,237438743.0
3120204,르네상스호텔사거리,696,0.0377,0.2457,11.0,619583910.0
3120156,"총신대입구역(이수, 총신대)",1241,0.0377,0.3715,21.4,1490498844.0
3110715,구로구민회관,71,0.0376,0.1268,4.0,191768647.0
3111038,보인중학교,424,0.0376,0.1297,6.4,369800720.0
3110056,신당역 3번,370,0.0376,0.2135,10.8,266393402.0
3110535,영천시장입구,163,0.0375,0.1227,4.3,125850114.0
3130214,송화벽화시장(송화골목시장),603,0.0375,0.1542,7.9,624089098.0
3110227,답십리공원,296,0.0375,0.1216,4.8,256895773.0
3130150,창동골목시장,483,0.0374,0.1511,6.1,255455081.0
3120188,압구정역,1028,0.0374,0.4319,36.0,3810597716.0
3130303,영동전통시장,503,0.0374,0.2008,8.8,1554138371.0
3110785,영등포푸르지오아파트,386,0.0373,0.1632,6.0,194973911.0
3110679,염창역 2번,106,0.0373,0.1604,4.4,375406984.0
3110268,망우3동주민센터,119,0.0373,0.1597,5.3,220794795.0
3110591,충정로역 6번,192,0.0373,0.1198,5.7,891229497.0
3130097,답십리 건축자재시장,119,0.0373,0.1176,5.5,1365424363.0
3110769,대림차이나타운(대림역 12번),137,0.0372,0.2336,8.8,333390440.0
3110484,역촌역 3번,263,0.0372,0.1141,5.7,269869502.0
3120169,서초역,787,0.0372,0.2541,13.2,1180841227.0
3110614,목동로데오거리,239,0.0372,0.2134,7.2,306217307.0
3110774,당산반도유보라팰리스아파트,252,0.0371,0.1389,5.4,171988423.0
3120182,"양재시민의숲역(양재동꽃시장, aT센터)",768,0.0371,0.2109,16.9,1206602826.0
3120206,개나리아파트,808,0.0371,0.1918,8.2,512600962.0
3110341,북한산우이역 2번,190,0.0371,0.1842,8.3,421664215.0
3120173,교대역(법원.검찰청),1227,0.037,0.4621,32.5,2329330623.0
3110627,신정롯데캐슬아파트,582,0.037,0.1942,7.1,391563616.0
3110074,서울역 12번,455,0.037,0.167,9.1,421458756.0
3110548,마포구청역 4번,245,0.037,0.1551,5.9,237787705.0
3110433,공릉역 2번,284,0.0369,0.2359,8.3,56970878.0
3130033,대림상가(청계상가),201,0.0369,0.2189,21.8,3728870050.0
3120216,경기고교사거리(경기고교앞사거리),491,0.0369,0.1507,6.4,484024590.0
3120205,매봉역,749,0.0369,0.2296,10.6,885186054.0
3120197,역삼역,1319,0.0369,0.514,39.4,2825876817.0
3120082,상계백병원,465,0.0369,0.1441,6.0,411152849.0
3130221,"남부골목시장(남부화곡시장, 남부시장)",832,0.0368,0.232,10.3,581318413.0
3110941,언남고등학교,86,0.0368,0.093,3.7,42332082.0
3130238,은행나무시장,477,0.0367,0.1111,4.5,339532181.0
3130195,도화동 상점가,906,0.0367,0.2649,13.1,854235925.0
3110001,이북5도청사,103,0.0367,0.0971,5.2,160293529.0
3120191,학동역,1101,0.0366,0.3261,18.9,1369433126.0
3120213,삼성중앙역,920,0.0366,0.2761,13.5,961181156.0
3110692,큰굴다리,85,0.0365,0.1412,5.4,77932439.0
3120057,아차산역,956,0.0365,0.228,11.0,768534332.0
3110410,방학역 2번,599,0.0365,0.182,7.2,287497220.0
3110127,성수1가1동주민센터,138,0.0365,0.1449,5.8,181662075.0
3110459,응암역 2번,340,0.0365,0.2029,8.9,136910057.0
3130095,청량리전통시장,395,0.0365,0.1924,10.7,750469578.0
3130161,증산종합시장,69,0.0365,0.2174,7.1,182480417.0
3110568,광흥창역 1번,205,0.0365,0.1317,3.9,219568839.0
3110867,국제신학대학원대학교(남서울중학교),226,0.0365,0.1283,4.9,144455244.0
3110543,중암중학교,32,0.0365,0.125,4.0,15663915.0
3110415,수락산역 4번,949,0.0364,0.2223,8.7,448765247.0
3110997,대청초등학교,1069,0.0364,0.2058,10.6,631395765.0
3120174,논현역 5번,135,0.0364,0.0889,3.2,1083649614.0
3110134,성수119안전센터,517,0.0364,0.1838,8.2,182767627.0
3110700,고척초등학교,163,0.0364,0.1656,6.4,118135518.0
3110393,국민은행방학지점,164,0.0364,0.0976,4.1,531992477.0
3130148,방학동도깨비시장,495,0.0364,0.1859,8.0,722874694.0
3110938,바우뫼공원,129,0.0364,0.2171,6.4,1040591943.0
3110251,장안중학교,372,0.0363,0.1532,6.1,99958658.0
3130091,청량종합도매시장,172,0.0363,0.2907,14.7,2179758922.0
3120145,영등포역(영등포),1187,0.0363,0.4566,39.7,3414066930.0
3120033,을지로4가역,302,0.0363,0.2119,14.9,3373813315.0
3110027,혜화역 1번,140,0.0363,0.1571,5.0,55571958.0
3111057,천호공원(해공체육문화센터),418,0.0362,0.1842,9.5,1240818870.0
3111067,강동구립성내도서관,496,0.0362,0.1915,7.8,243407897.0
3120155,총신대학교,97,0.0362,0.0825,3.8,37090117.0
3130281,우림시장,106,0.0362,0.1132,4.1,126133037.0
3130068,마장축산물시장,300,0.0362,0.11,9.3,534601234.0
3110019,창덕궁,149,0.0362,0.255,14.0,367378134.0
3110060,효창공원앞역 6번,306,0.0361,0.1176,5.9,261958953.0
3110344,화계중학교,67,0.0361,0.0896,2.9,81108210.0
3130269,강남시장(동작구 강남시장),37,0.036,0.1081,3.4,212075739.0
3120124,개봉동 현대아파트,938,0.036,0.2356,10.7,487739599.0
3110115,상왕십리역 3번,287,0.036,0.2056,7.7,358777056.0
3120007,북촌(안국역),659,0.036,0.258,14.2,1178838018.0
3111082,중앙보훈병원,51,0.0359,0.0784,3.4,54479836.0
3110546,양화대교북단,81,0.0359,0.1358,4.2,155303984.0
3120020,시청역_1번,322,0.0359,0.1739,6.6,1087784372.0
3110154,광진정말공원,669,0.0359,0.136,6.3,238686273.0
3110599,신월1파출소,363,0.0358,0.1873,7.3,117340636.0
3110260,면목역 3번,418,0.0358,0.1435,6.0,238632105.0
3110502,남가좌파출소,706,0.0358,0.1558,6.9,361781856.0
3110490,녹번동근린공원,122,0.0358,0.1393,6.0,170488084.0
3110139,자양4동주민센터,530,0.0358,0.1377,6.9,236681662.0
3120189,강남역,1304,0.0358,0.6518,67.8,7951459404.0
3120070,한성대입구역,798,0.0358,0.1629,8.3,782366533.0
3110394,방학중학교,494,0.0358,0.1943,8.2,309049831.0
3110778,구로디지털단지역 4번,439,0.0358,0.3166,15.4,463652757.0
3130215,대원종합시장,28,0.0357,0.0714,3.0,22462836.0
3110516,정원여중,14,0.0357,0.1429,3.6,73324162.0
3110711,구로초등학교,514,0.0357,0.2023,8.7,164290962.0
3110578,대흥역 2번,604,0.0357,0.202,8.2,367089884.0
3110016,평창동동측,114,0.0357,0.1316,4.0,133576407.0
3110813,보라매역 6번,386,0.0356,0.1762,7.5,243221488.0
3130323,둔촌역전통시장,406,0.0356,0.1576,7.9,778648700.0
3110725,가산동주민센터,261,0.0355,0.2069,7.1,738847746.0
3110981,국악고교사거리,346,0.0355,0.1272,5.2,444060114.0
3110255,상봉역 4번,642,0.0355,0.2009,8.0,253116540.0
3110411,도봉역 3번,102,0.0355,0.1863,9.1,204934320.0
3111035,오금공원(오주중학교),232,0.0355,0.125,5.3,134775295.0
3110759,문래예술촌(문래창작촌),651,0.0355,0.2796,16.9,1566771191.0
3110693,오류동역 4번,31,0.0355,0.129,4.8,238525024.0
3110730,서울축산농협 독산역지점(독산파출소),242,0.0354,0.1777,8.8,898830142.0
3110053,청구역 1번,261,0.0354,0.1341,7.3,249110362.0
3120223,휘문고교사거리,260,0.0354,0.1346,6.4,3506599167.0
3110763,영등포구청역 2번,259,0.0354,0.2355,10.6,302713998.0
3130159,공릉동 도깨비시장,543,0.0354,0.2026,8.4,452298133.0
3120226,석촌고분역,906,0.0353,0.1909,8.0,890114808.0
3111032,방이역 1번,563,0.0353,0.1528,6.3,938585396.0
3130253,영신상가(제일상가),142,0.0353,0.1549,10.9,319574249.0
3120128,신도림역,1074,0.0352,0.3715,32.5,868988765.0
3001493,동대문패션타운 관광특구,1016,0.0352,0.4882,371.8,2834771713.0
3110550,합정역 8번,567,0.0352,0.2522,12.0,636306164.0
3110469,응암정보도서관,915,0.0351,0.1891,8.9,294518575.0
3130165,"대림골목시장(대림시장, 양지시장)",332,0.0351,0.2289,9.3,387722775.0
3110189,제기동역 1번,95,0.0351,0.0842,4.5,1083955351.0
3130292,봉천현대시장,83,0.0351,0.0723,3.0,678352800.0
3110948,헌인가구단지,23,0.0351,0.6087,35.8,16348376.0
3110898,청림동주민센터(상도중학교),19,0.0351,0.0526,3.5,18727216.0
3130145,쌍문역둘리상점가,220,0.0351,0.15,5.5,281460827.0
3130296,남부종합시장,57,0.0351,0.0877,3.7,38637550.0
3110325,장곡초등학교,376,0.0351,0.1569,6.7,149065506.0
3120034,중구청(퇴계로4가),214,0.0351,0.1869,9.0,819504851.0
3110386,연산군묘,38,0.0351,0.0789,3.1,421144437.0
3120209,"강남구청(청담역_8번, 강남세무서)",897,0.035,0.2085,10.4,1290120145.0
3120047,한남오거리,879,0.035,0.2321,11.9,873683693.0
3130074,영동교골목시장,121,0.0349,0.1405,5.1,217048522.0
3120146,한강성심병원,246,0.0349,0.2154,10.1,510971094.0
3111053,성내천어린이공원(하니사랑길),357,0.0349,0.1429,6.7,626340688.0
3110918,방배역 3번,116,0.0349,0.1379,5.3,156540484.0
3110028,이화달팽이길,277,0.0348,0.1805,8.3,185743360.0
3120179,양재역,1163,0.0348,0.3611,21.2,1583359201.0
3120192,뱅뱅사거리,1146,0.0348,0.4363,33.9,1510265888.0
3120104,연남동(홍대),1206,0.0348,0.4519,36.2,1428702183.0
3110461,새절역 2번,123,0.0347,0.1057,4.8,275871376.0
3130184,마포농수산물시장,41,0.0346,0.0976,3.6,458931318.0
3110241,먹골역 5번,570,0.0346,0.2263,8.4,464228247.0
3110340,인수중학교,92,0.0346,0.1196,4.0,28680534.0
3110587,공덕동주민센터,208,0.0344,0.2019,6.5,96311567.0
3120207,선정릉역,1029,0.0344,0.3236,17.7,983831975.0
3120160,사당역(사당),1082,0.0344,0.3124,18.7,1228461400.0
3130226,고척프라자,110,0.0344,0.0545,3.4,169990839.0
3120042,"숙대입구역(남영역, 남영동)",772,0.0344,0.1451,6.0,472831703.0
3110936,더케이호텔(양재리본타워2단지아파트),120,0.0344,0.15,6.2,831225099.0
3110138,송정체육공원,366,0.0344,0.1393,5.9,169255400.0
3110702,개봉초등학교,191,0.0343,0.1414,5.3,119192683.0
3120165,서래마을카페거리(서래마을),900,0.0343,0.2167,10.0,919125055.0
3110477,은평세무서,273,0.0343,0.1941,7.5,1145907847.0
3110805,신길새마을금고신길4동지점,105,0.0343,0.1333,5.0,95502014.0
3110636,방화역 2번,230,0.0343,0.1652,5.7,541264880.0
3130079,한아름시장,99,0.0343,0.101,3.4,216954126.0
3130134,"솔샘시장(미아6,7동골목시장)",387,0.0342,0.1344,5.3,269442991.0
3110457,예일여고,203,0.0342,0.1379,5.5,106192375.0
3120126,디지털단지오거리,361,0.0342,0.2798,10.5,240314251.0
3110334,석관중앙교회,207,0.0341,0.1691,8.0,303786283.0
3110567,광흥창역 6번,149,0.0341,0.0805,3.4,95590577.0
3110859,난향초등학교,134,0.0341,0.097,4.4,181266520.0
3110907,방배초등학교,373,0.0341,0.193,8.6,164854654.0
3130071,성수역 골목형상점가,40,0.0341,0.15,5.8,1231055527.0
3110897,서울대입구역 8번,353,0.034,0.136,5.7,120993539.0
3111002,한국교통안전공단 강남자동차검사소,81,0.034,0.1975,8.1,372360835.0
3001495,잠실 관광특구,1112,0.034,0.5378,53.4,5573558615.0
3110570,KB국민은행 서강지점,147,0.0339,0.1224,4.5,168020689.0
3110735,말미고개,386,0.0339,0.1503,7.3,291711419.0
3110838,상도1동주민센터앞,87,0.0339,0.0805,3.6,75993298.0
3120046,이태원(이태원역),1013,0.0339,0.3485,30.5,2134355689.0
3130322,고분다리전통시장,323,0.0338,0.1238,4.7,198774153.0
3110323,상월곡역 1번,397,0.0338,0.1587,6.4,124627929.0
3120081,노원역,1311,0.0338,0.492,42.2,2662562398.0
3120015,종로6가,455,0.0338,0.1824,7.1,339348889.0
3110830,상도초등학교,175,0.0338,0.1257,4.8,218638114.0
3120176,논현역 4번,273,0.0338,0.2088,8.3,112601166.0
3110939,양재역 8번(양재동우체국),778,0.0337,0.2082,12.7,499552286.0
3110915,서래초등학교,95,0.0337,0.0947,4.1,427479247.0
3110052,장충초등학교,286,0.0337,0.1434,8.2,455149237.0
3120131,가산디지털단지,1333,0.0337,0.5559,88.6,14403954835.0
3120217,대치사거리,765,0.0336,0.2261,14.6,1334281446.0
3110110,상왕십리역 6번,196,0.0336,0.0918,3.9,131399192.0
3110316,숭곡초등학교,790,0.0336,0.1544,7.9,284755424.0
3120202,압구정로데오역(압구정로데오),1092,0.0335,0.3974,34.9,2949503138.0
3130186,망원시장,413,0.0335,0.1671,6.1,660282105.0
3120175,남부터미널역,1071,0.0334,0.2923,19.5,837587029.0
3120208,청담사거리(청담동명품거리),1102,0.0333,0.3494,25.9,2814595257.0
3130171,불광먹자골목 골목형상점가,527,0.0333,0.1803,7.9,606351191.0
3130115,우림골목시장,665,0.0333,0.2015,10.2,649173801.0
3130198,아현시장,441,0.0333,0.1905,7.9,381618138.0
3110265,망우역 1번,323,0.0333,0.1269,5.1,243544358.0
3130173,백련시장,27,0.0333,0.1111,4.4,80186217.0
3111073,둔촌동역 1번(한산중학교),716,0.0332,0.1774,8.3,276935515.0
3110925,서초중학교,227,0.0332,0.1366,5.0,158224432.0
3110539,미근동,120,0.0332,0.325,12.5,730866995.0
3130283,신원시장,330,0.0332,0.1818,9.5,499237859.0
3130020,동묘시장(동묘벼룩시장),223,0.0332,0.2018,9.1,279268002.0
3110319,종암동주민센터,549,0.0332,0.1566,7.4,252233603.0
3110331,돌곶이역 8번,426,0.0332,0.1268,5.8,277990970.0
3110136,경수초등학교,427,0.0331,0.3115,16.1,697185582.0
3120009,종로3가역,1162,0.0331,0.4114,87.2,6572917261.0
3110988,청담역 3번,63,0.0331,0.0635,3.4,424383580.0
3120150,63빌딩,278,0.0331,0.1439,6.5,2360436463.0
3110151,자양한강도서관,498,0.0331,0.1647,7.2,291450690.0
3110286,한성대입구역 5번,248,0.033,0.1653,6.9,308015369.0
3130018,동대문문구완구거리(동대문문구완구시장),278,0.033,0.1978,11.1,3526205732.0
3130319,성내전통시장,448,0.0329,0.1339,5.4,239656965.0
3110058,성심여자고등학교,361,0.0329,0.1524,10.3,566059310.0
3110723,가산디지털단지역 1번 출입구,133,0.0329,0.218,8.5,350351101.0
3111068,강동성심병원,81,0.0329,0.0741,2.7,1155062704.0
3120236,장지역(가든파이브),1212,0.0329,0.3432,35.9,1372115126.0
3130070,뚝섬역상점가,736,0.0328,0.1481,7.3,644525799.0
3110068,남영역 1번,409,0.0328,0.1711,8.1,567621128.0
3130208,목동깨비시장(목3동시장),729,0.0328,0.1934,8.4,574527482.0
3130089,청량리수산시장,65,0.0328,0.3385,41.2,8188019772.0
3110109,금호삼성래미안아파트,199,0.0328,0.196,9.3,230882592.0
3120137,문래역(문래로데오거리),238,0.0327,0.2395,10.0,984096337.0
3130202,신영시장,626,0.0326,0.2093,8.8,345468248.0
3110146,신자초등학교,410,0.0326,0.1537,7.3,218929149.0
3130094,청량리청과물시장,313,0.0326,0.2268,18.6,10449776852.0
3110381,번동주공2단지,106,0.0325,0.0943,5.2,193163394.0
3130082,면곡골목시장,94,0.0325,0.1277,4.7,158831814.0
3110530,아현역 1번,59,0.0325,0.1356,4.9,247299741.0
3110811,보라매역 4번,114,0.0325,0.1491,5.3,272034239.0
3111020,방이동고분군(방산고등학교),381,0.0325,0.1391,6.0,394352147.0
3110064,효창공원앞역 2번,381,0.0325,0.1129,4.8,516224479.0
3120108,신정네거리역,1187,0.0325,0.2418,12.1,839588896.0
3110820,성남고등학교,445,0.0325,0.1371,6.5,218540211.0
3120134,구로전화국,924,0.0325,0.197,9.8,993862635.0
3110929,남부터미널역 1번,195,0.0325,0.1641,6.6,156581655.0
3110758,문래소공원,69,0.0325,0.1159,5.2,228229457.0
3120163,사당역 11번(사당역먹자골목),329,0.0324,0.1489,6.3,94799423.0
3111026,문정역 2번,475,0.0324,0.1853,7.9,433560955.0
3120221,봉은사역,630,0.0324,0.1921,12.0,685243377.0
3120218,코엑스,649,0.0323,0.1834,12.4,2044720988.0
3130083,"중곡제일시장(중곡제일골목시장, 광성시장)",506,0.0322,0.2273,9.5,714286126.0
3120062,신설동역,1073,0.0322,0.2479,15.2,902168701.0
3120043,서울역,837,0.0322,0.2951,23.9,1826237450.0
3120040,용산전자상가(용산역),827,0.0322,0.3071,87.1,28345068622.0
3130217,화곡본동시장,385,0.0322,0.1662,6.7,523535079.0
3130236,비단길현대시장(현대시장),726,0.032,0.2094,10.1,862258944.0
3110253,중곡초등학교,365,0.0319,0.1808,7.3,280217915.0
3130065,무학봉상점가,449,0.0319,0.147,6.3,241433389.0
3120183,양재천카페거리,450,0.0319,0.1489,7.5,1408959968.0
3001491,이태원 관광특구,964,0.0319,0.3828,38.4,2412427245.0
3120041,신용산역(용산역),871,0.0318,0.4259,36.1,1161561622.0
3110851,경문고등학교(동작동성당),91,0.0318,0.0879,4.5,98533448.0
3120060,강변역(테크노마트),984,0.0318,0.2835,28.5,2160578411.0
3130230,가리봉시장,274,0.0318,0.1569,6.1,230797908.0
3110954,국기원,45,0.0318,0.1778,6.9,1386559154.0
3110018,중앙고등학교,221,0.0318,0.1493,6.8,166673210.0
3120038,약수역,1022,0.0318,0.1859,10.4,993881622.0
3110009,자하문터널,124,0.0318,0.1452,7.6,220590170.0
3110275,하나은행 망우동지점,147,0.0317,0.2109,9.3,499169127.0
3110186,종암초등학교,131,0.0317,0.1221,5.8,192455301.0
3110117,성동구보건소,125,0.0316,0.088,5.2,95274683.0
3130212,공항시장,100,0.0316,0.13,6.7,159197375.0
3110752,한울중학교,597,0.0316,0.1541,6.5,230536777.0
3120044,삼각지역,510,0.0316,0.1863,12.0,436226070.0
3130247,우리시장,200,0.0316,0.16,5.6,352669917.0
3130105,장미제일시장(중화동제일시장),232,0.0315,0.1121,4.4,230125074.0
3110824,대방역 3번,201,0.0315,0.1294,4.6,521231776.0
3110899,낙성대역 5번(관악중학교),86,0.0315,0.093,3.5,54967412.0
3130279,관악신사시장,547,0.0315,0.1517,6.2,286636396.0
3110810,영신초등학교,764,0.0315,0.1545,6.7,371950674.0
3120148,국회의사당역(국회의사당),940,0.0314,0.3032,20.7,2023572144.0
3110583,공덕래미안3차아파트,146,0.0314,0.1164,4.8,194155017.0
3130314,풍납시장,721,0.0314,0.1345,5.9,292876778.0
3110329,우리은행체육관,120,0.0313,0.1583,6.9,175939633.0
3110436,상계제일중학교,155,0.0313,0.1097,3.8,436561920.0
3130325,명일전통시장,266,0.0313,0.1579,7.1,380743993.0
3110062,한강로동땡땡거리(은행나무길),306,0.0313,0.2157,12.2,570959599.0
3120066,장한평역(장한평),1001,0.0313,0.3227,23.1,1851213149.0
3130210,목2동시장,591,0.0313,0.1252,6.0,507365675.0
3130128,돌곶이시장(석관황금시장),325,0.0312,0.1323,5.0,160236696.0
3110803,신길2동우편취급국,217,0.0312,0.1889,7.0,295682537.0
3110942,염곡동 구룡사(포이동성당),534,0.0311,0.1891,10.4,491355449.0
3120149,여의도역(여의도),1204,0.0311,0.4693,43.6,3683412532.0
3110619,목4동주민센터,133,0.0311,0.0977,4.4,314447961.0
3110500,남가좌동현대아파트,107,0.031,0.1402,7.0,375874538.0
3130067,왕십리도선동상점가,805,0.031,0.2062,11.2,593944774.0
3120245,둔촌역,1165,0.031,0.2721,15.3,934241769.0
3130055,"황학시장(서울중앙시장, 신중앙시장)",345,0.031,0.1942,10.4,344523417.0
3110129,성원어린이공원,125,0.0309,0.176,6.9,259307994.0
3110584,아현역 4번,92,0.0309,0.1196,6.7,2493004066.0
3001496,강남 마이스 관광특구,799,0.0309,0.2916,30.1,5782378354.0
3120195,성수대교남단,744,0.0309,0.2836,15.9,2678498483.0
3130223,고척근린시장,459,0.0309,0.1394,7.1,604958764.0
3110299,정릉역 1번,640,0.0308,0.1484,6.8,343059656.0
3110610,계남근린공원,104,0.0308,0.0481,3.0,71212948.0
3110169,성동초등학교,226,0.0308,0.1018,5.0,162195851.0
3110781,대림한신아파트,318,0.0308,0.1132,4.9,139585836.0
3110025,충신시장옆,37,0.0308,0.1622,7.7,454931462.0
3110095,한강진역 3번,332,0.0308,0.256,13.8,535951983.0
3110903,방배아이파크아파트,359,0.0307,0.1421,8.2,432498669.0
3120167,고속터미널(고속터미널역),1008,0.0307,0.3373,42.0,1419368194.0
3130002,세종마을음식문화거리(금천교시장),513,0.0306,0.1404,8.2,715449190.0
3120222,삼성역,947,0.0306,0.3358,27.8,4446186297.0
3110256,면목2동체육관,487,0.0306,0.1725,7.7,325106058.0
3130185,망원월드컵시장,449,0.0305,0.1292,5.8,560305771.0
3130113,신아타운,417,0.0305,0.1127,5.9,484532040.0
3110147,능동우편취급국,463,0.0305,0.1469,6.5,463093462.0
3130207,신정1동 골목시장(신정제일시장),228,0.0305,0.1316,6.1,383623521.0
3120035,퇴계로5가,149,0.0305,0.1409,6.8,635379437.0
3110953,학동근린공원,53,0.0305,0.0943,4.4,42219060.0
3130146,쌍문시장(쌍문역골목시장),810,0.0304,0.1642,7.9,527723431.0
3110481,불광역 7번,377,0.0304,0.1963,7.5,261432008.0
3110283,성북초등학교앞,121,0.0304,0.1818,6.8,287655956.0
3120093,연희동,998,0.0303,0.2134,10.5,779638856.0
3130042,약수시장,498,0.0303,0.0924,5.1,529858144.0
3110740,금천해태공원,274,0.0303,0.1533,6.0,212546381.0
3110773,당산역 13번,33,0.0303,0.0606,2.9,55362730.0
3110755,동일여자고등학교,310,0.0303,0.1258,6.4,296625645.0
3110449,증산역 3번,462,0.0302,0.0996,6.2,189516633.0
3130302,강남시장(강남구 강남시장),104,0.0302,0.1635,6.3,450328194.0
3130035,방산종합시장(방산시장),471,0.0301,0.2569,18.5,2551929421.0
3111024,경찰병원역 4번(건너말공원),120,0.0301,0.1417,6.1,107753948.0
3110596,서서울호수공원,175,0.0301,0.1086,4.1,116264329.0
3110336,석관고등학교,72,0.03,0.1944,7.3,112258326.0
3130059,후암시장,301,0.03,0.1163,5.4,491065162.0
3130160,수일시장,76,0.03,0.1316,7.9,158603496.0
3110439,당고개역 5번,278,0.03,0.1259,6.0,161463563.0
3130246,영등포청과시장(조광시장),374,0.0299,0.2299,20.3,8671338989.0
3110208,시조사삼거리,53,0.0299,0.0755,3.8,36124232.0
3110962,도산공원북측,87,0.0298,0.1034,5.3,675905771.0
3110044,관성묘,28,0.0298,0.1071,4.2,343367437.0
3110290,북한산보국문역 1번,28,0.0298,0.0714,2.5,118010903.0
3110689,오류동역 3번,278,0.0298,0.1475,6.8,197481770.0
3110661,강서새말어린이공원,112,0.0298,0.0804,3.3,76563994.0
3110082,용산구청,221,0.0298,0.2941,12.9,569325569.0
3110005,세검정,148,0.0298,0.1014,5.0,147015310.0
3111040,거여초등학교,98,0.0298,0.0816,3.3,19420252.0
3120164,내방역,1067,0.0297,0.2212,12.2,996099556.0
3110022,경신고등학교,172,0.0297,0.1337,5.9,164976085.0
3110973,강남구청역 4번,217,0.0297,0.1336,6.5,212789045.0
3130101,답십리현대시장,161,0.0297,0.1677,6.5,319595133.0
3001494,종로·청계 관광특구,1432,0.0297,0.5168,74.4,4543598325.0
3110476,역촌역 2번,52,0.0296,0.1731,7.6,49209993.0
3110010,평창동서측,332,0.0296,0.1235,6.3,197975191.0
3110008,배화여자대학교(박노수미술관),362,0.0296,0.2459,11.1,288605224.0
3110951,신사은행나무공원,162,0.0295,0.1481,6.6,93031896.0
3130014,동문시장,91,0.0295,0.3626,44.6,1748544875.0
3110497,가좌역 3번,115,0.0294,0.1391,7.2,68443891.0
3120073,미아사거리,502,0.0294,0.2191,20.5,431579777.0
3130141,강북북부골목시장,220,0.0294,0.0864,4.8,144870633.0
3120071,성북구청,407,0.0294,0.199,8.5,364915432.0
3110145,장안초등학교,17,0.0294,0.0588,3.6,238647958.0
3110195,동대문구청,386,0.0294,0.1399,7.6,369975715.0
3110807,신길역 3번,52,0.0293,0.1346,6.0,92304108.0
3110036,동묘앞역 3번,57,0.0293,0.1579,4.8,78065252.0
3120200,학동사거리,938,0.0293,0.3742,29.1,3034067262.0
3120027,명동역(명동재미로),817,0.0293,0.2607,22.5,978446702.0
3130277,조원동 펭귄시장(신림중앙시장),231,0.0292,0.1299,5.5,79656598.0
3120190,강남을지병원,1115,0.0291,0.3067,20.4,1199523979.0
3110055,황학동벼룩시장,128,0.0291,0.0938,6.9,131828944.0
3110699,덕의초등학교,380,0.0291,0.1158,5.9,113337011.0
3111062,둔촌동역 3번(성내3동주민센터),328,0.0291,0.1646,7.5,481738471.0
3110532,아현역 2번,332,0.029,0.0843,5.2,411847609.0
3110854,조원동주민센터,112,0.0289,0.0714,3.3,191526612.0
3120184,포이사거리(삼호물산),1282,0.0289,0.3112,20.6,1576086649.0
3110302,보문역 8번,404,0.0289,0.0916,4.4,123029051.0
3130327,"평화시장(남평화시장, 제일평화시장, 신평화패션타운)",79,0.0288,0.6076,1009.2,5514620440.0
3110770,영등포구청역 6번,199,0.0288,0.1759,7.4,199043911.0
3110933,한국상담대학원대학교,29,0.0287,0.069,3.0,2480527071.0
3130096,동부시장,61,0.0287,0.0492,3.8,318207911.0
3110355,삼양사거리역 2번,302,0.0287,0.0828,4.2,316058604.0
3110128,성원중학교,912,0.0286,0.1743,9.4,454160772.0
3110921,서울프랑스학교,143,0.0286,0.0909,3.6,158607402.0
3110087,이태원엔틱가구거리,135,0.0286,0.1259,6.2,145331945.0
3110179,광나루역 1번,170,0.0285,0.1471,6.4,477707372.0
3110995,봉은사역 4번,146,0.0285,0.0411,3.2,177656063.0
3110176,해오름공원,414,0.0285,0.1812,7.4,92876940.0
3130099,전농로터리시장,336,0.0285,0.1012,5.1,210951244.0
3110611,신정역 1번,131,0.0284,0.1145,5.1,136349575.0
3110130,답십리역 6번,69,0.0283,0.087,4.7,63001365.0
3110512,연희지하차도,56,0.0283,0.0714,4.2,191360672.0
3110974,언주중학교,75,0.0283,0.0667,5.2,141248427.0
3110327,상월곡역 2번,290,0.0282,0.1379,6.2,417138835.0
3110776,도신초등학교,366,0.0281,0.1311,6.6,813722454.0
3130258,영진시장A동,77,0.0281,0.0649,3.0,1069130007.0
3110641,공항고등학교,194,0.0281,0.134,5.8,151810647.0
3120014,종로5가역,789,0.028,0.256,15.8,1922023391.0
3110215,회기역 1번,90,0.028,0.1,4.2,95541544.0
3110860,호림박물관(성보고등학교),199,0.0279,0.1005,4.5,219988087.0
3110048,장충동주민센터,107,0.0278,0.243,16.3,855888514.0
3110304,보문역 4번,243,0.0278,0.1317,5.2,260151751.0
3110258,면동초등학교,284,0.0277,0.1549,6.6,227320829.0
3130320,암사종합시장,572,0.0277,0.1748,7.6,648246590.0
3120171,서초3동사거리,875,0.0277,0.1771,9.7,1300515914.0
3110872,신림초등학교,105,0.0276,0.1048,4.6,80718569.0
3110343,무너미어린이공원,239,0.0276,0.1213,5.3,55662985.0
3110375,서울북부고용노동지청,110,0.0275,0.0818,5.0,160538546.0
3110122,마장역 2번,401,0.0275,0.0898,4.5,416154266.0
3120008,인사동,745,0.0274,0.2859,24.3,1119601462.0
3110398,쌍문2동우체국,458,0.0274,0.1179,7.3,465478360.0
3120002,서촌(경복궁역),746,0.0272,0.2252,14.7,807870350.0
3110031,창신역 1번,41,0.0272,0.0976,4.3,50183060.0
3001492,명동 남대문 북창동 다동 무교동 관광특구,1417,0.0271,0.5984,139.0,7239103634.0
3130149,창동신창시장,602,0.0271,0.1445,6.9,355566676.0
3130138,수유프라자,84,0.0271,0.0952,4.2,43250156.0
3110233,중랑역 1번,227,0.0271,0.1366,7.3,371118120.0
3111074,명일역 1번,204,0.0271,0.0784,4.5,160807769.0
3110970,학동초등학교,37,0.027,0.0541,3.4,321451346.0
3110073,삼각지역 3번,43,0.027,0.1628,7.5,151343332.0
3110613,신정네거리역 4번,115,0.027,0.113,5.2,168850725.0
3130064,금남시장,323,0.027,0.1269,6.5,373246634.0
3110034,창신1동주민센터,81,0.027,0.2099,9.6,92599070.0
3110141,건대입구역 1번,250,0.0269,0.176,7.9,260388897.0
3110229,장평중학교,493,0.0269,0.2028,9.7,1006174765.0
3130081,자양골목전통시장(자양골목시장),313,0.0269,0.1821,9.5,590088292.0
3110209,답십리 장령당공원,31,0.0269,0.0645,3.3,36916909.0
3110298,솔숲어린이공원,56,0.0268,0.0714,4.4,59750203.0
3130317,마천중앙시장,396,0.0268,0.1616,9.6,568084870.0
3130213,방신전통시장,413,0.0266,0.1695,7.9,376370996.0
3110676,등촌역 7번,87,0.0266,0.1379,6.3,86332176.0
3130267,본동인정시장(기능상실),63,0.0266,0.1111,4.1,39416491.0
3111036,투구봉어린이공원,94,0.0266,0.0532,2.9,1161250842.0
3120010,원남동사거리,261,0.0266,0.1801,9.7,1274268490.0
3110513,연희파출소,182,0.0265,0.1154,6.4,227387575.0
3110091,리움미술관,129,0.0264,0.124,5.8,290389370.0
3111034,오동나무공원(송파레미니스1단지),432,0.0264,0.1273,6.1,513607702.0
3111051,천호역 6번,502,0.0263,0.1733,9.2,298707038.0
3120018,중림동,771,0.0263,0.1673,9.5,753973324.0
3110198,동대문중앙새마을금고본점,85,0.0263,0.1176,6.1,43542503.0
3110680,온수역 5번(온수산업단지),177,0.0263,0.1073,4.7,340434062.0
3130056,용산용문시장,680,0.0262,0.1588,8.6,777349968.0
3130282,난곡 골목형상점가,54,0.0262,0.0926,3.7,65198641.0
3110905,방배노인종합복지관(이수중학교),279,0.0261,0.1183,5.1,89399843.0
3130073,뚝도시장,447,0.0261,0.1432,8.1,533519968.0
3110912,방배동사이길,359,0.026,0.1086,5.5,478320563.0
3111048,천호역 1번(천호문구완구거리),208,0.026,0.1106,5.2,131046724.0
3120025,롯데백화점(시청광장 지하쇼핑센터),471,0.0259,0.3355,54.9,1349377102.0
3110946,청계산원터골,108,0.0258,0.1389,6.3,380027584.0
3130007,광장시장(광장전통시장),464,0.0257,0.2414,29.6,1289111550.0
3120013,이화사거리,388,0.0256,0.1469,7.2,433667410.0
3130024,남대문시장(자유상가),944,0.0256,0.321,67.0,2877297214.0
3110817,대방역 4번,111,0.0255,0.0811,4.6,149559825.0
3130084,신성시장(신성골목시장),272,0.0255,0.1103,6.2,317525490.0
3110389,한일병원,146,0.0254,0.0959,3.8,933260780.0
3130240,영등포유통상가,340,0.0253,0.1529,9.3,494433446.0
3110983,국립국악고등학교,224,0.0253,0.0759,5.1,202857325.0
3130229,남구로시장,699,0.0253,0.2046,10.3,842228813.0
3130301,양재시장,88,0.0253,0.1023,7.2,436334950.0
3130152,오!도봉거리 상점가,141,0.0253,0.1348,5.4,70661216.0
3130076,능동로골목시장,290,0.0252,0.1345,5.8,184576124.0
3110698,개웅초등학교(개웅중학교),237,0.0251,0.1266,6.2,99808531.0
3110310,길음역 10번,20,0.025,0.05,3.0,357254316.0
3130197,마포시장,261,0.025,0.1303,7.6,806220031.0
3110248,먹골파출소,88,0.025,0.0795,3.7,568736661.0
3130305,논현종합시장,20,0.025,0.05,3.0,110501433.0
3130307,도곡시장,171,0.0249,0.0409,3.4,510197351.0
3120050,서울숲역,207,0.0249,0.1787,7.6,373927246.0
3110296,성신여대입구역 4번,247,0.0249,0.1417,8.7,302422391.0
3120117,강서농산물도매시장,162,0.0248,0.2963,31.9,18342962213.0
3110120,서울숲카페거리,55,0.0248,0.4,22.6,154987508.0
3110003,세검정초등학교,297,0.0247,0.1246,6.3,107679275.0
3120031,을지로3가역,862,0.0247,0.2784,23.4,2827996171.0
3130257,영등포시장기계공구상가,124,0.0247,0.0968,8.4,403430739.0
3110339,국립4.19민주묘지,38,0.0246,0.0789,4.6,708400414.0
3110412,창동중학교,34,0.0245,0.0588,3.2,499486925.0
3110822,신대방삼거리역 4번(대림초등학교),82,0.0244,0.0732,3.8,127411641.0
3110041,남산케이블카,180,0.0243,0.1389,8.1,830537608.0
3111075,굽은다리역 2번,313,0.0243,0.099,5.2,160587499.0
3110843,사당5동주민센터,123,0.0243,0.0894,4.4,138505819.0
3110202,전농1동주민센터(전농시장),38,0.0241,0.0526,3.9,84757519.0
3110353,수유동우체국,231,0.024,0.0866,4.6,185027093.0
3110609,신정네거리역 2번,81,0.024,0.1111,5.4,133384604.0
3110051,한양공고앞 교차로,92,0.024,0.1739,8.5,324803406.0
3110980,개포지구대옆,125,0.0239,0.104,5.0,111209865.0
3110279,신내역 2번,6,0.0238,0.1667,5.3,15170430.0
3130286,신신림시장(삼성동시장),21,0.0238,0.0476,3.0,419521783.0
3110288,동구여중,130,0.0237,0.1385,6.9,446881468.0
3110922,내방역 1번,63,0.0235,0.0952,4.0,96553417.0
3111022,석촌중학교(방이육교),153,0.0235,0.0915,4.6,131391606.0
3110996,대치2동주민센터,154,0.0234,0.1883,9.9,925768108.0
3130010,종로신진시장,417,0.0234,0.1823,14.5,1015672417.0
3130250,삼구시장(로타리상가),87,0.0234,0.1379,7.6,97988949.0
3130001,통인시장,352,0.0232,0.1392,7.6,627580431.0
3110123,마장역 3번,193,0.0231,0.1036,5.6,312905563.0
3130222,오류시장,282,0.0231,0.0674,4.2,300811616.0
3130144,백운시장,36,0.0231,0.0556,3.1,115964676.0
3110505,홍남교남측,47,0.023,0.0638,3.8,180907463.0
3110271,신내역 1번,27,0.023,0.1852,8.2,453404431.0
3110392,발바닥공원,169,0.023,0.0888,6.6,754525953.0
3130182,영천시장,508,0.023,0.1299,6.7,456218916.0
3110184,용두사거리,58,0.023,0.069,3.8,142532531.0
3110687,"천왕역 3번(오류2동주민센터, 서울오류남초등학교)",34,0.0229,0.1176,5.6,182084857.0
3111045,개미어린이공원,51,0.0229,0.0588,3.0,51980425.0
3110017,정독도서관,53,0.0226,0.0566,3.1,94272809.0
3130088,경동시장,248,0.0226,0.2903,28.5,7613551484.0
3130316,마천시장,152,0.0224,0.1118,6.4,593008462.0
3110777,구로세무서,41,0.0224,0.122,5.5,62810983.0
3110979,청담초등학교,75,0.0224,0.12,6.7,909724901.0
3130057,만리시장,139,0.0223,0.0791,4.6,743248007.0
3110696,오류동역 1번,112,0.0222,0.0714,4.5,223766222.0
3110519,서대문구보건소별관,168,0.0222,0.119,5.8,196636658.0
3130196,공덕시장,207,0.0222,0.1304,7.2,500892599.0
3110309,대광초등학교,108,0.0222,0.1759,9.3,66001483.0
3110014,경복고등학교,73,0.0221,0.1233,5.4,145832443.0
3130052,서울중앙시장(신중앙시장),448,0.0221,0.3036,24.7,1957001574.0
3110893,관악소방서(문영여고),34,0.0221,0.0588,3.3,358033242.0
3110492,하나고등학교,27,0.022,0.1481,6.9,204777710.0
3110447,구산초등학교,61,0.0219,0.0656,5.0,32709773.0
3110768,도림2동유수지내체육시설,73,0.0219,0.0959,3.7,60462345.0
3110728,두산초등학교,84,0.0219,0.131,6.1,557813020.0
3110096,한남힐사이드아파트,128,0.0217,0.1016,5.9,92063762.0
3110126,서울숲역 1번,47,0.0216,0.1489,5.9,71359647.0
3110061,효창동주민센터,170,0.0216,0.0882,4.2,166577050.0
3110192,동의보감타워,293,0.0216,0.0922,4.6,172736284.0
3130220,등마루시장,27,0.0216,0.0741,4.0,202020857.0
3120161,방배동가구거리(사당동가구거리),279,0.0214,0.1039,6.6,517029106.0
3110517,서대문소방서,175,0.0214,0.0971,4.3,208210854.0
3130177,인왕시장(홍제골목형상점가),308,0.0214,0.2078,13.8,2344958003.0
3110245,KB국민은행 중화동지점,132,0.0213,0.0758,4.3,255924703.0
3110098,서울독일학교,134,0.0209,0.1269,6.9,642692486.0
3110491,불광중학교,27,0.0209,0.2593,14.1,67819223.0
3130275,강남골목시장,120,0.0208,0.0583,4.8,885918325.0
3130255,영등포전통시장,217,0.0208,0.2442,16.8,1662342747.0
3110927,잠원역,48,0.0208,0.0417,4.1,1251736786.0
3130036,중부시장(신중부시장),405,0.0208,0.2272,15.3,3214931576.0
3130228,구로시장,201,0.0205,0.1393,10.2,201160475.0
3130046,team204(팀204),20,0.0204,0.7,88.5,2198295577.0
3110004,대신고등학교,55,0.0203,0.0727,3.9,263044721.0
3110024,혜화동주민센터,24,0.0203,0.125,6.0,249949593.0
3130016,동대문상가B동,19,0.0203,0.7895,82.9,849776441.0
3130004,낙원시장(낙원지하시장(대일상가)),161,0.0202,0.0932,6.6,524002915.0
3110289,북한산보국문역 2번,131,0.02,0.0763,5.0,141318297.0
3130090,청량리종합시장,196,0.02,0.2143,21.4,18657990744.0
3110765,문래동사거리,74,0.0199,0.0676,5.0,280973751.0
3130087,경동광성상가(경동시장),189,0.0199,0.2751,20.0,8234484595.0
3130092,청량리농수산물시장,199,0.0196,0.2965,28.5,6701545158.0
3120231,가락시장,281,0.0194,0.1744,31.4,38702508069.0
3110322,장위1동주민센터,100,0.0194,0.1,5.0,153616247.0
3110982,강남구보훈회관,176,0.0193,0.0739,5.2,103604958.0
3110845,사당종합체육관,74,0.0191,0.0676,3.8,62640090.0
3110194,홍파초등학교,179,0.0189,0.1453,13.1,1161407431.0
3110772,신우어린이공원,78,0.0189,0.0641,5.1,2809570842.0
3130013,동대문상가A동,28,0.0188,0.6429,65.9,4504005916.0
3110015,청와대사랑채,54,0.0185,0.0556,3.3,416509636.0
3110523,홍제성원아파트,54,0.0185,0.0185,2.1,69358190.0
3110734,금천파출소,27,0.0185,0.0741,4.0,93746341.0
3110623,갈산공원,54,0.0185,0.037,3.9,470280920.0
3111011,잠실나루역,288,0.0182,0.0799,4.8,502893694.0
3110780,신길대성유니드아파트,144,0.018,0.0694,4.2,554547016.0
3110071,한강미주맨션아파트,54,0.0179,0.1296,6.7,642080188.0
3111047,마천1치안센터,142,0.0178,0.0493,3.4,222964310.0
3130168,연서시장,538,0.0178,0.1059,9.4,646037986.0
3110947,청계산입구역 2번(내곡동주민센터),27,0.0175,0.1481,11.5,1336347685.0
3110083,서빙고역 1번,86,0.0174,0.0349,3.3,127231493.0
3130304,신사상가,123,0.0172,0.0488,3.6,86957725.0
3130137,"수유전통시장(수유시장, 수유골목시장)",527,0.0172,0.1575,11.7,1390101699.0
3130032,인현시장,247,0.0171,0.1457,10.4,669912197.0
3130308,청담삼익시장,228,0.017,0.1096,7.2,201046653.0
3110533,충정로역 7번,27,0.0167,0.0741,4.8,136654488.0
3110552,성미산체육관,208,0.0164,0.0962,4.6,401860305.0
3130176,유진상가,189,0.0161,0.0899,6.6,817812205.0
3110430,중계초등학교,193,0.016,0.0881,5.9,1056658278.0
3130270,흑석시장,83,0.0159,0.1084,6.1,209248378.0
3130224,개봉프라자(고척근린시장),27,0.0159,0.1481,14.6,144196783.0
3130025,삼익패션타운(남대문시장),159,0.0157,0.2956,97.3,1564663437.0
3110217,자동차부품상가,49,0.0156,0.2041,22.1,132407705.0
3110280,북정마을,33,0.0152,0.0303,3.8,151677114.0
3110185,용두초등학교,76,0.0152,0.0658,5.3,92658874.0
3110624,목동문화체육센터,72,0.015,0.0556,3.2,38460245.0
3110030,동대문역 3번,76,0.0148,0.0395,5.4,240910344.0
3110797,KT대방빌딩,127,0.0147,0.0472,3.3,249027440.0
3110589,애오개역 3번,68,0.0147,0.0294,3.5,113966228.0
3130116,동성타워프라자,110,0.0146,0.0636,5.0,32733750.0
3110878,미림여고,40,0.0146,0.05,3.4,218075821.0
3110107,금호사거리,178,0.0144,0.0506,3.8,171683208.0
3110644,신광명마을,54,0.0142,0.0741,5.3,544761309.0
3130174,연희사러가,71,0.0141,0.0282,3.6,537143324.0
3130022,숭례문수입상가(남대문시장),311,0.0139,0.1383,12.9,380650956.0
3110747,석수역 1번 출입구,179,0.0136,0.0726,4.7,259935266.0
3130287,삼성동 시장(삼성동시장),155,0.0134,0.1097,10.0,369269089.0
3110685,금강수목원아파트,62,0.0134,0.0323,3.5,175336450.0
3110099,유엔빌리지길,79,0.0129,0.0633,7.4,238670137.0
3110332,돌곶이역 3번,69,0.0126,0.0435,4.3,296137077.0
3110281,길상사,20,0.0125,0.05,4.3,331769153.0
3110164,아차산역 5번,57,0.0123,0.0351,4.9,1410129267.0
3110681,온수역 1번,54,0.0123,0.037,2.5,98533152.0
3110800,영등포동성당,77,0.0118,0.0519,4.8,77342896.0
3110320,KB국민은행 종암동지점,48,0.0104,0.0208,6.4,531295958.0
3110143,뚝섬유원지역 1번,88,0.0102,0.0341,3.5,331238314.0
3130121,길음시장,168,0.01,0.0536,7.1,204234817.0
3130093,동서시장,27,0.0099,0.3704,63.5,70145211966.0
3110969,베르사이유1아파트,76,0.0099,0.0263,3.6,258140606.0
3130249,동남상가,132,0.0096,0.0682,6.2,160698992.0
3130038,"평화시장(통일상가, 동화상가)",7,0.0095,0.1429,16.1,5034017.0
3110171,중곡4동주민센터,59,0.009,0.0339,5.0,63822126.0
3110356,덕수교,108,0.0086,0.0648,5.6,188355075.0
3110798,신풍역 2번,29,0.0086,0.0345,3.9,332420165.0
3130123,꿈의숲 장곡 골목형상점가,63,0.0086,0.0794,6.5,396174099.0
3110065,남정초등학교,27,0.0085,0.2963,44.6,41158485505.0
3130005,세운상가가동,106,0.008,0.1604,15.8,666012290.0
3130259,대신시장,27,0.0074,0.037,5.3,51178474.0
3130276,신림중앙시장(조원동 펭귄시장),58,0.0069,0.0345,5.4,63550068.0
3130009,마전교지하쇼핑센터(구 한일상가),37,0.0068,0.027,4.8,256005021.0
3110506,연희임광아파트,76,0.0066,0.0132,3.8,151778228.0
3110870,신림주공2단지(광신고등학교),26,0.0064,0.0385,5.6,16246829.0
3110923,방배역 1번,5,0.0,0.0,3.0,57771305.0
3130280,신림종합시장,4,0.0,0.0,3.0,7500000.0
3110990,청담역 12번,18,0.0,0.0,2.0,43013710.0
3130272,사당시장,27,0.0,0.0,3.0,395474067.0
3110801,신풍역 6번(신길6동공영주차장),17,0.0,0.0,3.0,71903101.0
3110338,인수초등학교,9,0.0,0.0,3.4,8686095.0
3130254,남서울상가,27,0.0,0.0,4.0,8323169.0
3110380,강북문화정보도서관,31,0.0,0.0,3.5,5325044.0
3110494,증산3교남측,27,0.0,0.0,3.0,72969338.0
3110443,수색역 1번,8,0.0,0.0,5.0,1810112.0
3130127,석관시장,6,0.0,0.0,1.0,297693349.0
3110642,정곡초등학교,20,0.0,0.0,3.0,83630584.0
3110964,싸리고개근린공원,1,0.0,0.0,3.0,22273629.0
3110960,은광여고,22,0.0,0.0,1.5,55505682.0
3110959,신구중학교,56,0.0,0.0,3.0,900831240.0
3110444,수색성당,27,0.0,0.0,4.0,379610548.0
3110678,염창무학아파트,28,0.0,0.0,3.0,250874196.0
3110047,다산성곽길,10,0.0,0.0,6.2,358678188.0
3110739,시흥3동 우편취급국,27,0.0,0.0,3.0,101183193.0
